Workbook
Name \a: #REF!
Name \a: #REF!

Sheet integrated
A1: code | B1: sector | C1: unit | D1: 2023_중간수요계 | E1: 2023_최종수요계 | F1: 2023_총수요계 | G1: 2023_중간투입계(행합) | H1: 2023_부가가치계 | I1: 2025_중간수요계 | J1: 2025_최종수요계 | K1: 2025_총수요계 | L1: 2025_중간투입계(행합) | M1: 2025_부가가치계 | N1: 2030_중간수요계 | O1: 2030_최종수요계 | P1: 2030_총수요계 | Q1: 2030_중간투입계(행합) | R1: 2030_부가가치계 | S1: 2040_중간수요계 | T1: 2040_최종수요계 | U1: 2040_총수요계 | V1: 2040_중간투입계(행합) | W1: 2040_부가가치계
A2: 0111 | B2: 벼 | C2: 백만원 | D2: 0 | E2: 0 | F2: 0 | G2: 248598 | H2: 6195806 | I2: =D2*(1+0.01*growthrate!$E$3)^2 -> 0 | J2: =E2*(1+0.01*growthrate!$E$3)^2 -> 0 | K2: =F2*(1+0.01*growthrate!$E$3)^2 -> 0 | L2: =G2*(1+0.01*growthrate!$E$3)^2 -> 256111.87 | M2: =H2*(1+0.01*growthrate!$E$3)^2 -> 6383074.2 | N2: =I2*(1+0.01*growthrate!$E$3)^5 -> 0 | O2: =J2*(1+0.01*growthrate!$E$3)^5 -> 0 | P2: =K2*(1+0.01*growthrate!$E$3)^5 -> 0 | Q2: =L2*(1+0.01*growthrate!$E$3)^5 -> 275905.23 | R2: =M2*(1+0.01*growthrate!$E$3)^5 -> 6876383.8 | S2: =N2*(1+0.01*growthrate!$F$3)^10 -> 0 | T2: =O2*(1+0.01*growthrate!$F$3)^10 -> 0 | U2: =P2*(1+0.01*growthrate!$F$3)^10 -> 0 | V2: =Q2*(1+0.01*growthrate!$F$3)^10 -> 295838.46 | W2: =R2*(1+0.01*growthrate!$F$3)^10 -> 7373179.6
A3: 0112 | B3: 맥류 및 잡곡 | C3: 백만원 | D3: 6778410 | E3: 102197 | F3: 6880607 | G3: 11736 | H3: 196243 | I3: =D3*(1+0.01*growthrate!E4)^2 -> 7010834.9 | J3: =E3*(1+0.01*growthrate!$E$3)^2 -> 105285.9 | K3: =F3*(1+0.01*growthrate!$E$3)^2 -> 7088573.3 | L3: =G3*(1+0.01*growthrate!$E$3)^2 -> 12090.721 | M3: =H3*(1+0.01*growthrate!$E$3)^2 -> 202174.44 | N3: =I3*(1+0.01*growthrate!$E$3)^5 -> 7552660.3 | O3: =J3*(1+0.01*growthrate!$E$3)^5 -> 113422.82 | P3: =K3*(1+0.01*growthrate!$E$3)^5 -> 7636406.7 | Q3: =L3*(1+0.01*growthrate!$E$3)^5 -> 13025.14 | R3: =M3*(1+0.01*growthrate!$E$3)^5 -> 217799.3 | S3: =N3*(1+0.01*growthrate!$F$3)^10 -> 8098314.8 | T3: =O3*(1+0.01*growthrate!$F$3)^10 -> 121617.24 | U3: =P3*(1+0.01*growthrate!$F$3)^10 -> 8188111.6 | V3: =Q3*(1+0.01*growthrate!$F$3)^10 -> 13966.163 | W3: =R3*(1+0.01*growthrate!$F$3)^10 -> 233534.57
A4: 0113 | B4: 콩류 | C4: 백만원 | D4: 1047612 | E4: 280198 | F4: 1327810 | G4: 3157 | H4: 566246 | I4: =D4*(1+0.01*growthrate!E5)^2 -> 1047612 | J4: =E4*(1+0.01*growthrate!$E$3)^2 -> 288666.98 | K4: =F4*(1+0.01*growthrate!$E$3)^2 -> 1367943.1 | L4: =G4*(1+0.01*growthrate!$E$3)^2 -> 3252.4203 | M4: =H4*(1+0.01*growthrate!$E$3)^2 -> 583360.79 | N4: =I4*(1+0.01*growthrate!$E$3)^5 -> 1128575.6 | O4: =J4*(1+0.01*growthrate!$E$3)^5 -> 310976.32 | P4: =K4*(1+0.01*growthrate!$E$3)^5 -> 1473663.2 | Q4: =L4*(1+0.01*growthrate!$E$3)^5 -> 3503.7804 | R4: =M4*(1+0.01*growthrate!$E$3)^5 -> 628445.24 | S4: =N4*(1+0.01*growthrate!$F$3)^10 -> 1210111.5 | T4: =O4*(1+0.01*growthrate!$F$3)^10 -> 333443.33 | U4: =P4*(1+0.01*growthrate!$F$3)^10 -> 1580130.4 | V4: =Q4*(1+0.01*growthrate!$F$3)^10 -> 3756.9169 | W4: =R4*(1+0.01*growthrate!$F$3)^10 -> 673848.32
A5: 0114 | B5: 감자류 | C5: 백만원 | D5: 43309 | E5: 5701 | F5: 49010 | G5: 8846 | H5: 997863 | I5: =D5*(1+0.01*growthrate!E6)^2 -> 43309 | J5: =E5*(1+0.01*growthrate!$E$3)^2 -> 5873.3127 | K5: =F5*(1+0.01*growthrate!$E$3)^2 -> 50491.327 | L5: =G5*(1+0.01*growthrate!$E$3)^2 -> 9113.3703 | M5: =H5*(1+0.01*growthrate!$E$3)^2 -> 1028023.4 | N5: =I5*(1+0.01*growthrate!$E$3)^5 -> 46656.093 | O5: =J5*(1+0.01*growthrate!$E$3)^5 -> 6327.2258 | P5: =K5*(1+0.01*growthrate!$E$3)^5 -> 54393.499 | Q5: =L5*(1+0.01*growthrate!$E$3)^5 -> 9817.6881 | R5: =M5*(1+0.01*growthrate!$E$3)^5 -> 1107473.2 | S5: =N5*(1+0.01*growthrate!$F$3)^10 -> 50026.84 | T5: =O5*(1+0.01*growthrate!$F$3)^10 -> 6784.3468 | U5: =P5*(1+0.01*growthrate!$F$3)^10 -> 58323.248 | V5: =Q5*(1+0.01*growthrate!$F$3)^10 -> 10526.983 | W5: =R5*(1+0.01*growthrate!$F$3)^10 -> 1187484.4
A6: 0121 | B6: 채소 | C6: 백만원 | D6: 192086 | E6: 347759 | F6: 539845 | G6: 573328 | H6: 9078793 | I6: =D6*(1+0.01*growthrate!E7)^2 -> 192086 | J6: =E6*(1+0.01*growthrate!$E$3)^2 -> 358270.02 | K6: =F6*(1+0.01*growthrate!$E$3)^2 -> 556161.82 | L6: =G6*(1+0.01*growthrate!$E$3)^2 -> 590656.84 | M6: =H6*(1+0.01*growthrate!$E$3)^2 -> 9353199.5 | N6: =I6*(1+0.01*growthrate!$E$3)^5 -> 206931.18 | O6: =J6*(1+0.01*growthrate!$E$3)^5 -> 385958.56 | P6: =K6*(1+0.01*growthrate!$E$3)^5 -> 599144.23 | Q6: =L6*(1+0.01*growthrate!$E$3)^5 -> 636305.16 | R6: =M6*(1+0.01*growthrate!$E$3)^5 -> 10076052 | S6: =N6*(1+0.01*growthrate!$F$3)^10 -> 221881.26 | T6: =O6*(1+0.01*growthrate!$F$3)^10 -> 413842.78 | U6: =P6*(1+0.01*growthrate!$F$3)^10 -> 642430.4 | V6: =Q6*(1+0.01*growthrate!$F$3)^10 -> 682276.09 | W6: =R6*(1+0.01*growthrate!$F$3)^10 -> 10804013
A7: 0122 | B7: 과실 | C7: 백만원 | D7: 166506 | E7: 1630308 | F7: 1796814 | G7: 221302 | H7: 4313063 | I7: =D7*(1+0.01*growthrate!E8)^2 -> 166506 | J7: =E7*(1+0.01*growthrate!$E$3)^2 -> 1679584.1 | K7: =F7*(1+0.01*growthrate!$E$3)^2 -> 1851122.7 | L7: =G7*(1+0.01*growthrate!$E$3)^2 -> 227990.85 | M7: =H7*(1+0.01*growthrate!$E$3)^2 -> 4443425.3 | N7: =I7*(1+0.01*growthrate!$E$3)^5 -> 179374.25 | O7: =J7*(1+0.01*growthrate!$E$3)^5 -> 1809389 | P7: =K7*(1+0.01*growthrate!$E$3)^5 -> 1994184.9 | Q7: =L7*(1+0.01*growthrate!$E$3)^5 -> 245610.9 | R7: =M7*(1+0.01*growthrate!$E$3)^5 -> 4786831 | S7: =N7*(1+0.01*growthrate!$F$3)^10 -> 192333.44 | T7: =O7*(1+0.01*growthrate!$F$3)^10 -> 1940111.4 | U7: =P7*(1+0.01*growthrate!$F$3)^10 -> 2138258.1 | V7: =Q7*(1+0.01*growthrate!$F$3)^10 -> 263355.47 | W7: =R7*(1+0.01*growthrate!$F$3)^10 -> 5132663.6
A8: 0191 | B8: 화훼작물 | C8: 백만원 | D8: 40441 | E8: 131257 | F8: 171698 | G8: 85072 | H8: 268835 | I8: =D8*(1+0.01*growthrate!E9)^2 -> 40441 | J8: =E8*(1+0.01*growthrate!$E$3)^2 -> 135224.24 | K8: =F8*(1+0.01*growthrate!$E$3)^2 -> 176887.57 | L8: =G8*(1+0.01*growthrate!$E$3)^2 -> 87643.301 | M8: =H8*(1+0.01*growthrate!$E$3)^2 -> 276960.54 | N8: =I8*(1+0.01*growthrate!$E$3)^5 -> 43566.442 | O8: =J8*(1+0.01*growthrate!$E$3)^5 -> 145674.91 | P8: =K8*(1+0.01*growthrate!$E$3)^5 -> 190558.15 | Q8: =L8*(1+0.01*growthrate!$E$3)^5 -> 94416.726 | R8: =M8*(1+0.01*growthrate!$E$3)^5 -> 298365.16 | S8: =N8*(1+0.01*growthrate!$F$3)^10 -> 46713.973 | T8: =O8*(1+0.01*growthrate!$F$3)^10 -> 156199.44 | U8: =P8*(1+0.01*growthrate!$F$3)^10 -> 204325.34 | V8: =Q8*(1+0.01*growthrate!$F$3)^10 -> 101238.02 | W8: =R8*(1+0.01*growthrate!$F$3)^10 -> 319921.05
A9: 0192 | B9: 약용작물 | C9: 백만원 | D9: 139519 | E9: 98856 | F9: 238375 | G9: 27806 | H9: 1470976 | I9: =D9*(1+0.01*growthrate!E10)^2 -> 139519 | J9: =E9*(1+0.01*growthrate!$E$3)^2 -> 101843.92 | K9: =F9*(1+0.01*growthrate!$E$3)^2 -> 245579.88 | L9: =G9*(1+0.01*growthrate!$E$3)^2 -> 28646.436 | M9: =H9*(1+0.01*growthrate!$E$3)^2 -> 1515436.2 | N9: =I9*(1+0.01*growthrate!$E$3)^5 -> 150301.59 | O9: =J9*(1+0.01*growthrate!$E$3)^5 -> 109714.83 | P9: =K9*(1+0.01*growthrate!$E$3)^5 -> 264559.28 | Q9: =L9*(1+0.01*growthrate!$E$3)^5 -> 30860.348 | R9: =M9*(1+0.01*growthrate!$E$3)^5 -> 1632555.2 | S9: =N9*(1+0.01*growthrate!$F$3)^10 -> 161160.38 | T9: =O9*(1+0.01*growthrate!$F$3)^10 -> 117641.36 | U9: =P9*(1+0.01*growthrate!$F$3)^10 -> 283672.81 | V9: =Q9*(1+0.01*growthrate!$F$3)^10 -> 33089.905 | W9: =R9*(1+0.01*growthrate!$F$3)^10 -> 1750501.9
A10: 0193 | B10: 잎담배 | C10: 백만원 | D10: 382739 | E10: 22142 | F10: 404881 | G10: 666 | H10: 40059 | I10: =D10*(1+0.01*growthrate!E11)^2 -> 382739 | J10: =E10*(1+0.01*growthrate!$E$3)^2 -> 22811.242 | K10: =F10*(1+0.01*growthrate!$E$3)^2 -> 417118.53 | L10: =G10*(1+0.01*growthrate!$E$3)^2 -> 686.12985 | M10: =H10*(1+0.01*growthrate!$E$3)^2 -> 41269.783 | N10: =I10*(1+0.01*growthrate!$E$3)^5 -> 412318.6 | O10: =J10*(1+0.01*growthrate!$E$3)^5 -> 24574.186 | P10: =K10*(1+0.01*growthrate!$E$3)^5 -> 449355.12 | Q10: =L10*(1+0.01*growthrate!$E$3)^5 -> 739.15671 | R10: =M10*(1+0.01*growthrate!$E$3)^5 -> 44459.277 | S10: =N10*(1+0.01*growthrate!$F$3)^10 -> 442107.25 | T10: =O10*(1+0.01*growthrate!$F$3)^10 -> 26349.589 | U10: =P10*(1+0.01*growthrate!$F$3)^10 -> 481819.53 | V10: =Q10*(1+0.01*growthrate!$F$3)^10 -> 792.55832 | W10: =R10*(1+0.01*growthrate!$F$3)^10 -> 47671.312
A11: 0194 | B11: 천연고무 | C11: 백만원 | D11: 586461 | E11: -19365 | F11: 567096 | G11: 0 | H11: 0 | I11: =D11*(1+0.01*growthrate!E12)^2 -> 586461 | J11: =E11*(1+0.01*growthrate!$E$3)^2 -> -19950.307 | K11: =F11*(1+0.01*growthrate!$E$3)^2 -> 584236.48 | L11: =G11*(1+0.01*growthrate!$E$3)^2 -> 0 | M11: =H11*(1+0.01*growthrate!$E$3)^2 -> 0 | N11: =I11*(1+0.01*growthrate!$E$3)^5 -> 631785.05 | O11: =J11*(1+0.01*growthrate!$E$3)^5 -> -21492.147 | P11: =K11*(1+0.01*growthrate!$E$3)^5 -> 629388.61 | Q11: =L11*(1+0.01*growthrate!$E$3)^5 -> 0 | R11: =M11*(1+0.01*growthrate!$E$3)^5 -> 0 | S11: =N11*(1+0.01*growthrate!$F$3)^10 -> 677429.42 | T11: =O11*(1+0.01*growthrate!$F$3)^10 -> -23044.883 | U11: =P11*(1+0.01*growthrate!$F$3)^10 -> 674859.84 | V11: =Q11*(1+0.01*growthrate!$F$3)^10 -> 0 | W11: =R11*(1+0.01*growthrate!$F$3)^10 -> 0
A12: 0195 | B12: 종자 | C12: 백만원 | D12: 325776 | E12: 42514 | F12: 368290 | G12: 61422 | H12: 384345 | I12: =D12*(1+0.01*growthrate!E13)^2 -> 325776 | J12: =E12*(1+0.01*growthrate!$E$3)^2 -> 43798.986 | K12: =F12*(1+0.01*growthrate!$E$3)^2 -> 379421.57 | L12: =G12*(1+0.01*growthrate!$E$3)^2 -> 63278.48 | M12: =H12*(1+0.01*growthrate!$E$3)^2 -> 395961.83 | N12: =I12*(1+0.01*growthrate!$E$3)^5 -> 350953.27 | O12: =J12*(1+0.01*growthrate!$E$3)^5 -> 47183.947 | P12: =K12*(1+0.01*growthrate!$E$3)^5 -> 408744.78 | Q12: =L12*(1+0.01*growthrate!$E$3)^5 -> 68168.894 | R12: =M12*(1+0.01*growthrate!$E$3)^5 -> 426563.34 | S12: =N12*(1+0.01*growthrate!$F$3)^10 -> 376308.48 | T12: =O12*(1+0.01*growthrate!$F$3)^10 -> 50592.83 | U12: =P12*(1+0.01*growthrate!$F$3)^10 -> 438275.23 | V12: =Q12*(1+0.01*growthrate!$F$3)^10 -> 73093.87 | W12: =R12*(1+0.01*growthrate!$F$3)^10 -> 457381.12
A13: 0196 | B13: 기타식용작물 | C13: 백만원 | D13: 1308522 | E13: 212816 | F13: 1521338 | G13: 8166 | H13: 648944 | I13: =D13*(1+0.01*growthrate!E14)^2 -> 1308522 | J13: =E13*(1+0.01*growthrate!$E$3)^2 -> 219248.36 | K13: =F13*(1+0.01*growthrate!$E$3)^2 -> 1567320.4 | L13: =G13*(1+0.01*growthrate!$E$3)^2 -> 8412.8173 | M13: =H13*(1+0.01*growthrate!$E$3)^2 -> 668558.33 | N13: =I13*(1+0.01*growthrate!$E$3)^5 -> 1409649.8 | O13: =J13*(1+0.01*growthrate!$E$3)^5 -> 236192.75 | P13: =K13*(1+0.01*growthrate!$E$3)^5 -> 1688449.2 | Q13: =L13*(1+0.01*growthrate!$E$3)^5 -> 9062.9936 | R13: =M13*(1+0.01*growthrate!$E$3)^5 -> 720227.2 | S13: =N13*(1+0.01*growthrate!$F$3)^10 -> 1511492.3 | T13: =O13*(1+0.01*growthrate!$F$3)^10 -> 253256.89 | U13: =P13*(1+0.01*growthrate!$F$3)^10 -> 1810434.1 | V13: =Q13*(1+0.01*growthrate!$F$3)^10 -> 9717.7646 | W13: =R13*(1+0.01*growthrate!$F$3)^10 -> 772261.21
A14: 0199 | B14: 기타 비식용작물 | C14: 백만원 | D14: 505861 | E14: -15434 | F14: 490427 | G14: 195 | H14: 6128 | I14: =D14*(1+0.01*growthrate!E15)^2 -> 505861 | J14: =E14*(1+0.01*growthrate!$E$3)^2 -> -15900.493 | K14: =F14*(1+0.01*growthrate!$E$3)^2 -> 505250.16 | L14: =G14*(1+0.01*growthrate!$E$3)^2 -> 200.89387 | M14: =H14*(1+0.01*growthrate!$E$3)^2 -> 6313.2188 | N14: =I14*(1+0.01*growthrate!$E$3)^5 -> 544955.96 | O14: =J14*(1+0.01*growthrate!$E$3)^5 -> -17129.346 | P14: =K14*(1+0.01*growthrate!$E$3)^5 -> 544297.91 | Q14: =L14*(1+0.01*growthrate!$E$3)^5 -> 216.41976 | R14: =M14*(1+0.01*growthrate!$E$3)^5 -> 6801.1296 | S14: =N14*(1+0.01*growthrate!$F$3)^10 -> 584327.22 | T14: =O14*(1+0.01*growthrate!$F$3)^10 -> -18366.885 | U14: =P14*(1+0.01*growthrate!$F$3)^10 -> 583621.62 | V14: =Q14*(1+0.01*growthrate!$F$3)^10 -> 232.05536 | W14: =R14*(1+0.01*growthrate!$F$3)^10 -> 7292.4886
... A95: 1500 | B95: 인쇄 및 기록매체 복제 | C95: 백만원 | D95: 280312 | E95: 16323 | F95: 296635 | G95: 446879 | H95: 4348935 | I95: =D95*(1+0.01*growthrate!E96)^2 -> 280312 | J95: =E95*(1+0.01*growthrate!$E$3)^2 -> 16816.363 | K95: =F95*(1+0.01*growthrate!$E$3)^2 -> 305600.79 | L95: =G95*(1+0.01*growthrate!$E$3)^2 -> 460385.92 | M95: =H95*(1+0.01*growthrate!$E$3)^2 -> 4480381.6 | N95: =I95*(1+0.01*growthrate!$E$3)^5 -> 301975.63 | O95: =J95*(1+0.01*growthrate!$E$3)^5 -> 18115.999 | P95: =K95*(1+0.01*growthrate!$E$3)^5 -> 329218.85 | Q95: =L95*(1+0.01*growthrate!$E$3)^5 -> 495966.38 | R95: =M95*(1+0.01*growthrate!$E$3)^5 -> 4826643.4 | S95: =N95*(1+0.01*growthrate!$F$3)^10 -> 323792.37 | T95: =O95*(1+0.01*growthrate!$F$3)^10 -> 19424.819 | U95: =P95*(1+0.01*growthrate!$F$3)^10 -> 353003.81 | V95: =Q95*(1+0.01*growthrate!$F$3)^10 -> 531798.3 | W95: =R95*(1+0.01*growthrate!$F$3)^10 -> 5175352.3
A96: 1610 | B96: 석탄제품 | C96: 백만원 | D96: 200871 | E96: -6360 | F96: 194511 | G96: 84731 | H96: 55237 | I96: =D96*(1+0.01*growthrate!E97)^2 -> 200871 | J96: =E96*(1+0.01*growthrate!$E$3)^2 -> -6552.231 | K96: =F96*(1+0.01*growthrate!$E$3)^2 -> 200390.09 | L96: =G96*(1+0.01*growthrate!$E$3)^2 -> 87291.994 | M96: =H96*(1+0.01*growthrate!$E$3)^2 -> 56906.538 | N96: =I96*(1+0.01*growthrate!$E$3)^5 -> 216395.12 | O96: =J96*(1+0.01*growthrate!$E$3)^5-1780803.264 -> -1787861.9 | P96: =K96*(1+0.01*growthrate!$E$3)^5-1780803.264 -> -1564926.2 | Q96: =L96*(1+0.01*growthrate!$E$3)^5 -> 94038.269 | R96: =M96*(1+0.01*growthrate!$E$3)^5 -> 61304.503 | S96: =N96*(1+0.01*growthrate!$F$3)^10 -> 232028.94 | T96: =O96*(1+0.01*growthrate!$F$3)^10-633497.5693 -> -2550526.5 | U96: =P96*(1+0.01*growthrate!$F$3)^10-633497.5693 -> -2311484.5 | V96: =Q96*(1+0.01*growthrate!$F$3)^10 -> 100832.22 | W96: =R96*(1+0.01*growthrate!$F$3)^10 -> 65733.55
A97: 1621 | B97: 나프타 | C97: 백만원 | D97: 23136179 | E97: 57945 | F97: 23194124 | G97: 12527231 | H97: 1577347 | I97: =D97*(1+0.01*growthrate!E98)^2 -> 23136179 | J97: =E97*(1+0.01*growthrate!$E$3)^2 -> 59696.388 | K97: =F97*(1+0.01*growthrate!$E$3)^2 -> 23895166 | L97: =G97*(1+0.01*growthrate!$E$3)^2 -> 12905867 | M97: =H97*(1+0.01*growthrate!$E$3)^2 -> 1625022.3 | N97: =I97*(1+0.01*growthrate!$E$3)^5 -> 24924236 | O97: =J97*(1+0.01*growthrate!$E$3)^5 -> 64309.963 | P97: =K97*(1+0.01*growthrate!$E$3)^5 -> 25741881 | Q97: =L97*(1+0.01*growthrate!$E$3)^5 -> 13903284 | R97: =M97*(1+0.01*growthrate!$E$3)^5 -> 1750610.5 | S97: =N97*(1+0.01*growthrate!$F$3)^10 -> 26724929 | T97: =O97*(1+0.01*growthrate!$F$3)^10 -> 68956.144 | U97: =P97*(1+0.01*growthrate!$F$3)^10 -> 27601646 | V97: =Q97*(1+0.01*growthrate!$F$3)^10 -> 14907750 | W97: =R97*(1+0.01*growthrate!$F$3)^10 -> 1877086.3
A98: 1622 | B98: 휘발유 | C98: 백만원 | D98: 189538 | E98: 372167 | F98: 561705 | G98: 19388778 | H98: 10642292 | I98: =D98*(1+0.01*growthrate!E99)^2 -> 189538 | J98: =E98*(1+0.01*growthrate!$E$3)^2 -> 383415.75 | K98: =F98*(1+0.01*growthrate!$E$3)^2 -> 578682.53 | L98: =G98*(1+0.01*growthrate!$E$3)^2 -> 19974804 | M98: =H98*(1+0.01*growthrate!$E$3)^2 -> 10963955 | N98: =I98*(1+0.01*growthrate!$E$3)^5 -> 204186.26 | O98: =J98*(1+0.01*growthrate!$E$3)^5 -> 413047.65 | P98: =K98*(1+0.01*growthrate!$E$3)^5 -> 623405.44 | Q98: =L98*(1+0.01*growthrate!$E$3)^5 -> 21518537 | R98: =M98*(1+0.01*growthrate!$E$3)^5 -> 11811294 | S98: =N98*(1+0.01*growthrate!$F$3)^10 -> 218938.03 | T98: =O98*(1+0.01*growthrate!$F$3)^10 -> 442888.97 | U98: =P98*(1+0.01*growthrate!$F$3)^10 -> 668444.4 | V98: =Q98*(1+0.01*growthrate!$F$3)^10 -> 23073179 | W98: =R98*(1+0.01*growthrate!$F$3)^10 -> 12664620
A99: 1623 | B99: 제트유 | C99: 백만원 | D99: 3796295 | E99: 21342 | F99: 3817637 | G99: 15046080 | H99: 2001068 | I99: =D99*(1+0.01*growthrate!E100)^2 -> 3796295 | J99: =E99*(1+0.01*growthrate!$E$3)^2 -> 21987.062 | K99: =F99*(1+0.01*growthrate!$E$3)^2 -> 3933025.1 | L99: =G99*(1+0.01*growthrate!$E$3)^2 -> 15500848 | M99: =H99*(1+0.01*growthrate!$E$3)^2 -> 2061550.3 | N99: =I99*(1+0.01*growthrate!$E$3)^5 -> 4089687.9 | O99: =J99*(1+0.01*growthrate!$E$3)^5 -> 23686.31 | P99: =K99*(1+0.01*growthrate!$E$3)^5 -> 4236985 | Q99: =L99*(1+0.01*growthrate!$E$3)^5 -> 16698815 | R99: =M99*(1+0.01*growthrate!$E$3)^5 -> 2220875.1 | S99: =N99*(1+0.01*growthrate!$F$3)^10 -> 4385154.2 | T99: =O99*(1+0.01*growthrate!$F$3)^10 -> 25397.567 | U99: =P99*(1+0.01*growthrate!$F$3)^10 -> 4543093.1 | V99: =Q99*(1+0.01*growthrate!$F$3)^10 -> 17905249 | W99: =R99*(1+0.01*growthrate!$F$3)^10 -> 2381326
A100: 1624 | B100: 등유 | C100: 백만원 | D100: 9768 | E100: 3312 | F100: 13080 | G100: 4523322 | H100: 1228211 | I100: =D100*(1+0.01*growthrate!E101)^2 -> 9768 | J100: =E100*(1+0.01*growthrate!$E$3)^2 -> 3412.1052 | K100: =F100*(1+0.01*growthrate!$E$3)^2 -> 13475.343 | L100: =G100*(1+0.01*growthrate!$E$3)^2 -> 4660039.4 | M100: =H100*(1+0.01*growthrate!$E$3)^2 -> 1265333.7 | N100: =I100*(1+0.01*growthrate!$E$3)^5 -> 10522.91 | O100: =J100*(1+0.01*growthrate!$E$3)^5 -> 3675.8064 | P100: =K100*(1+0.01*growthrate!$E$3)^5 -> 14516.771 | Q100: =L100*(1+0.01*growthrate!$E$3)^5 -> 5020185.9 | R100: =M100*(1+0.01*growthrate!$E$3)^5 -> 1363123.7 | S100: =N100*(1+0.01*growthrate!$F$3)^10 -> 11283.155 | T100: =O100*(1+0.01*growthrate!$F$3)^10 -> 3941.3711 | U100: =P100*(1+0.01*growthrate!$F$3)^10 -> 15565.56 | V100: =Q100*(1+0.01*growthrate!$F$3)^10 -> 5382877.6 | W100: =R100*(1+0.01*growthrate!$F$3)^10 -> 1461604.9
A101: 1625 | B101: 경유 | C101: 백만원 | D101: 582997 | E101: 185669 | F101: 768666 | G101: 42282946 | H101: 12490442 | I101: =D101*(1+0.01*growthrate!E102)^2 -> 582997 | J101: =E101*(1+0.01*growthrate!$E$3)^2 -> 191280.85 | K101: =F101*(1+0.01*growthrate!$E$3)^2 -> 791898.93 | L101: =G101*(1+0.01*growthrate!$E$3)^2 -> 43560948 | M101: =H101*(1+0.01*growthrate!$E$3)^2 -> 12867966 | N101: =I101*(1+0.01*growthrate!$E$3)^5 -> 628053.34 | O101: =J101*(1+0.01*growthrate!$E$3)^5 -> 206063.8 | P101: =K101*(1+0.01*growthrate!$E$3)^5 -> 853100.05 | Q101: =L101*(1+0.01*growthrate!$E$3)^5 -> 46927513 | R101: =M101*(1+0.01*growthrate!$E$3)^5 -> 13862454 | S101: =N101*(1+0.01*growthrate!$F$3)^10 -> 673428.1 | T101: =O101*(1+0.01*growthrate!$F$3)^10 -> 220951.22 | U101: =P101*(1+0.01*growthrate!$F$3)^10 -> 914733.69 | V101: =Q101*(1+0.01*growthrate!$F$3)^10 -> 50317869 | W101: =R101*(1+0.01*growthrate!$F$3)^10 -> 14863970
A102: 1626 | B102: 중유 | C102: 백만원 | D102: 6984868 | E102: -42173 | F102: 6942695 | G102: 6084682 | H102: 1116909 | I102: =D102*(1+0.01*growthrate!E103)^2 -> 6984868 | J102: =E102*(1+0.01*growthrate!$E$3)^2 -> -43447.679 | K102: =F102*(1+0.01*growthrate!$E$3)^2 -> 7152538 | L102: =G102*(1+0.01*growthrate!$E$3)^2 -> 6268591.5 | M102: =H102*(1+0.01*growthrate!$E$3)^2 -> 1150667.6 | N102: =I102*(1+0.01*growthrate!$E$3)^5 -> 7524686.6 | O102: =J102*(1+0.01*growthrate!$E$3)^5 -> -46805.49 | P102: =K102*(1+0.01*growthrate!$E$3)^5 -> 7705314.7 | Q102: =L102*(1+0.01*growthrate!$E$3)^5 -> 6753053.4 | R102: =M102*(1+0.01*growthrate!$E$3)^5 -> 1239595.8 | S102: =N102*(1+0.01*growthrate!$F$3)^10 -> 8068320.1 | T102: =O102*(1+0.01*growthrate!$F$3)^10 -> -50187.03 | U102: =P102*(1+0.01*growthrate!$F$3)^10 -> 8261998 | V102: =Q102*(1+0.01*growthrate!$F$3)^10 -> 7240939 | W102: =R102*(1+0.01*growthrate!$F$3)^10 -> 1329152.4
A103: 1627 | B103: 액화석유가스 | C103: 백만원 | D103: 5433359 | E103: 1851423 | F103: 7284782 | G103: 2826854 | H103: 829539 | I103: =D103*(1+0.01*growthrate!E104)^2 -> 5433359 | J103: =E103*(1+0.01*growthrate!$E$3)^2 -> 1907382.3 | K103: =F103*(1+0.01*growthrate!$E$3)^2 -> 7504964.5 | L103: =G103*(1+0.01*growthrate!$E$3)^2 -> 2912295.7 | M103: =H103*(1+0.01*growthrate!$E$3)^2 -> 854611.82 | N103: =I103*(1+0.01*growthrate!$E$3)^5 -> 5853270.7 | O103: =J103*(1+0.01*growthrate!$E$3)^5 -> 2054792.4 | P103: =K103*(1+0.01*growthrate!$E$3)^5 -> 8084978.2 | Q103: =L103*(1+0.01*growthrate!$E$3)^5 -> 3137369.5 | R103: =M103*(1+0.01*growthrate!$E$3)^5 -> 920659.64 | S103: =N103*(1+0.01*growthrate!$F$3)^10 -> 6276150 | T103: =O103*(1+0.01*growthrate!$F$3)^10 -> 2203244.3 | U103: =P103*(1+0.01*growthrate!$F$3)^10 -> 8669091 | V103: =Q103*(1+0.01*growthrate!$F$3)^10 -> 3364034 | W103: =R103*(1+0.01*growthrate!$F$3)^10 -> 987174.23
A104: 1628 | B104: 정제혼합용 원료유 | C104: 백만원 | D104: 1234634 | E104: -11943 | F104: 1222691 | G104: 5500299 | H104: 982008 | I104: =D104*(1+0.01*growthrate!E105)^2 -> 1234634 | J104: =E104*(1+0.01*growthrate!$E$3)^2 -> -12303.977 | K104: =F104*(1+0.01*growthrate!$E$3)^2 -> 1259646.8 | L104: =G104*(1+0.01*growthrate!$E$3)^2 -> 5666545.5 | M104: =H104*(1+0.01*growthrate!$E$3)^2 -> 1011689.2 | N104: =I104*(1+0.01*growthrate!$E$3)^5 -> 1330051.5 | O104: =J104*(1+0.01*growthrate!$E$3)^5 -> -13254.878 | P104: =K104*(1+0.01*growthrate!$E$3)^5 -> 1356997.4 | Q104: =L104*(1+0.01*growthrate!$E$3)^5 -> 6104478.9 | R104: =M104*(1+0.01*growthrate!$E$3)^5 -> 1089876.6 | S104: =N104*(1+0.01*growthrate!$F$3)^10 -> 1426143.2 | T104: =O104*(1+0.01*growthrate!$F$3)^10 -> -14212.499 | U104: =P104*(1+0.01*growthrate!$F$3)^10 -> 1455035.9 | V104: =Q104*(1+0.01*growthrate!$F$3)^10 -> 6545507.1 | W104: =R104*(1+0.01*growthrate!$F$3)^10 -> 1168616.5
A105: 1631 | B105: 윤활유 및 그리스 | C105: 백만원 | D105: 890862 | E105: 41801 | F105: 932663 | G105: 1387065 | H105: 807917 | I105: =D105*(1+0.01*growthrate!E106)^2 -> 890862 | J105: =E105*(1+0.01*growthrate!$E$3)^2 -> 43064.435 | K105: =F105*(1+0.01*growthrate!$E$3)^2 -> 960852.74 | L105: =G105*(1+0.01*growthrate!$E$3)^2 -> 1428989 | M105: =H105*(1+0.01*growthrate!$E$3)^2 -> 832336.29 | N105: =I105*(1+0.01*growthrate!$E$3)^5 -> 959711.38 | O105: =J105*(1+0.01*growthrate!$E$3)^5 -> 46392.627 | P105: =K105*(1+0.01*growthrate!$E$3)^5 -> 1035111.3 | Q105: =L105*(1+0.01*growthrate!$E$3)^5 -> 1539427 | R105: =M105*(1+0.01*growthrate!$E$3)^5 -> 896662.57 | S105: =N105*(1+0.01*growthrate!$F$3)^10 -> 1029047.3 | T105: =O105*(1+0.01*growthrate!$F$3)^10 -> 49744.34 | U105: =P105*(1+0.01*growthrate!$F$3)^10 -> 1109894.6 | V105: =Q105*(1+0.01*growthrate!$F$3)^10 -> 1650645.5 | W105: =R105*(1+0.01*growthrate!$F$3)^10 -> 961443.46
A106: 1639 | B106: 기타 석유정제제품 | C106: 백만원 | D106: 188703 | E106: 1718 | F106: 190421 | G106: 4690479 | H106: 1258604 | I106: =D106*(1+0.01*growthrate!E107)^2 -> 188703 | J106: =E106*(1+0.01*growthrate!$E$3)^2 -> 1769.9265 | K106: =F106*(1+0.01*growthrate!$E$3)^2 -> 196176.47 | L106: =G106*(1+0.01*growthrate!$E$3)^2 -> 4832248.7 | M106: =H106*(1+0.01*growthrate!$E$3)^2 -> 1296645.3 | N106: =I106*(1+0.01*growthrate!$E$3)^5 -> 203286.72 | O106: =J106*(1+0.01*growthrate!$E$3)^5 -> 1906.7136 | P106: =K106*(1+0.01*growthrate!$E$3)^5 -> 211337.78 | Q106: =L106*(1+0.01*growthrate!$E$3)^5 -> 5205704.3 | R106: =M106*(1+0.01*growthrate!$E$3)^5 -> 1396855.2 | S106: =N106*(1+0.01*growthrate!$F$3)^10 -> 217973.51 | T106: =O106*(1+0.01*growthrate!$F$3)^10 -> 2044.4673 | U106: =P106*(1+0.01*growthrate!$F$3)^10 -> 226606.23 | V106: =Q106*(1+0.01*growthrate!$F$3)^10 -> 5581799 | W106: =R106*(1+0.01*growthrate!$F$3)^10 -> 1497773.4
A107: 1711 | B107: 지방족 기초유분 | C107: 백만원 | D107: 1208913 | E107: -30708 | F107: 1178205 | G107: 8142622 | H107: 679571 | I107: =D107*(1+0.01*growthrate!E108)^2 -> 1208913 | J107: =E107*(1+0.01*growthrate!$E$3)^2 -> -31636.149 | K107: =F107*(1+0.01*growthrate!$E$3)^2 -> 1213816.2 | L107: =G107*(1+0.01*growthrate!$E$3)^2 -> 8388732.7 | M107: =H107*(1+0.01*growthrate!$E$3)^2 -> 700111.03 | N107: =I107*(1+0.01*growthrate!$E$3)^5 -> 1302342.6 | O107: =J107*(1+0.01*growthrate!$E$3)^5 -> -34081.118 | P107: =K107*(1+0.01*growthrate!$E$3)^5 -> 1307624.8 | Q107: =L107*(1+0.01*growthrate!$E$3)^5 -> 9037047.6 | R107: =M107*(1+0.01*growthrate!$E$3)^5 -> 754218.42 | S107: =N107*(1+0.01*growthrate!$F$3)^10 -> 1396432.6 | T107: =O107*(1+0.01*growthrate!$F$3)^10 -> -36543.365 | U107: =P107*(1+0.01*growthrate!$F$3)^10 -> 1402096.4 | V107: =Q107*(1+0.01*growthrate!$F$3)^10 -> 9689944.2 | W107: =R107*(1+0.01*growthrate!$F$3)^10 -> 808708.19
A108: 1712 | B108: 방향족 기초유분 | C108: 백만원 | D108: 1221459 | E108: -1862 | F108: 1219597 | G108: 15919961 | H108: 2395584 | I108: =D108*(1+0.01*growthrate!E109)^2 -> 1221459 | J108: =E108*(1+0.01*growthrate!$E$3)^2 -> -1918.2789 | K108: =F108*(1+0.01*growthrate!$E$3)^2 -> 1256459.3 | L108: =G108*(1+0.01*growthrate!$E$3)^2 -> 16401142 | M108: =H108*(1+0.01*growthrate!$E$3)^2 -> 2467990.5 | N108: =I108*(1+0.01*growthrate!$E$3)^5 -> 1315858.2 | O108: =J108*(1+0.01*growthrate!$E$3)^5 -> -2066.5312 | P108: =K108*(1+0.01*growthrate!$E$3)^5 -> 1353563.5 | Q108: =L108*(1+0.01*growthrate!$E$3)^5 -> 17668688 | R108: =M108*(1+0.01*growthrate!$E$3)^5 -> 2658726.7 | S108: =N108*(1+0.01*growthrate!$F$3)^10 -> 1410924.6 | T108: =O108*(1+0.01*growthrate!$F$3)^10 -> -2215.8312 | U108: =P108*(1+0.01*growthrate!$F$3)^10 -> 1451354 | V108: =Q108*(1+0.01*growthrate!$F$3)^10 -> 18945192 | W108: =R108*(1+0.01*growthrate!$F$3)^10 -> 2850810.9
... A273: 4505 | B273: 신에너지 | C273: 백만원 | D273: 824 | E273: 400 | F273: 1224 | G273: 41205 | H273: 896226 | I273: =D273*(1+0.01*growthrate!E274)^2 -> 824 | J273: =E273*(1+0.01*growthrate!$E$3)^2 -> 412.09 | K273: =F273*(1+0.01*growthrate!$E$3)^2 -> 1260.9954 | L273: =G273*(1+0.01*growthrate!$E$3)^2 -> 42450.421 | M273: =H273*(1+0.01*growthrate!$E$3)^2 -> 923314.43 | N273: =I273*(1+0.01*growthrate!$E$3)^5 -> 887.68202 | O273: =J273*(1+0.01*growthrate!$E$3)^5 -> 443.93797 | P273: =K273*(1+0.01*growthrate!$E$3)^5 -> 1358.4502 | Q273: =L273*(1+0.01*growthrate!$E$3)^5 -> 45731.16 | R273: =M273*(1+0.01*growthrate!$E$3)^5 -> 994671.87 | S273: =N273*(1+0.01*growthrate!$F$3)^10 -> 951.81409 | T273: =O273*(1+0.01*growthrate!$F$3)^10 -> 476.011 | U273: =P273*(1+0.01*growthrate!$F$3)^10 -> 1456.5937 | V273: =Q273*(1+0.01*growthrate!$F$3)^10 -> 49035.084 | W273: =R273*(1+0.01*growthrate!$F$3)^10 -> 1066533.6
A274: 4506 | B274: 재생에너지 | C274: 백만원 | D274: 4136 | E274: 1686 | F274: 5822 | G274: 753149 | H274: 2002656 | I274: =D274*(1+0.01*growthrate!E275)^2 -> 4136 | J274: =E274*(1+0.01*growthrate!$E$3)^2+966657.038814344 -> 968394 | K274: =F274*(1+0.01*growthrate!$E$3)^2+966657.038814344 -> 972655.01 | L274: =G274*(1+0.01*growthrate!$E$3)^2 -> 775912.93 | M274: =H274*(1+0.01*growthrate!$E$3)^2 -> 2063186.3 | N274: =I274*(1+0.01*growthrate!$E$3)^5 -> 4455.6466 | O274: =J274*(1+0.01*growthrate!$E$3)^5+11234183.3223552 -> 12277419 | P274: =K274*(1+0.01*growthrate!$E$3)^5+11234183.3223552 -> 12282009 | Q274: =L274*(1+0.01*growthrate!$E$3)^5 -> 835878.59 | R274: =M274*(1+0.01*growthrate!$E$3)^5 -> 2222637.6 | S274: =N274*(1+0.01*growthrate!$F$3)^10 -> 4777.5523 | T274: =O274*(1+0.01*growthrate!$F$3)^10+39575034 -> 52739455 | U274: =P274*(1+0.01*growthrate!$F$3)^10+39575034 -> 52744377 | V274: =Q274*(1+0.01*growthrate!$F$3)^10 -> 896268.03 | W274: =R274*(1+0.01*growthrate!$F$3)^10 -> 2383215.7
A275: 4610 | B275: 도시가스 | C275: 백만원 | D275: 35118 | E275: 36386 | F275: 71504 | G275: 38485754 | H275: 5764818 | I275: =D275*(1+0.01*growthrate!E276)^2 -> 35118 | J275: =E275*(1+0.01*growthrate!$E$3)^2 -> 37485.767 | K275: =F275*(1+0.01*growthrate!$E$3)^2 -> 73665.208 | L275: =G275*(1+0.01*growthrate!$E$3)^2 -> 39648986 | M275: =H275*(1+0.01*growthrate!$E$3)^2 -> 5939059.6 | N275: =I275*(1+0.01*growthrate!$E$3)^5 -> 37832.06 | O275: =J275*(1+0.01*growthrate!$E$3)^5 -> 40382.817 | P275: =K275*(1+0.01*growthrate!$E$3)^5 -> 79358.351 | Q275: =L275*(1+0.01*growthrate!$E$3)^5 -> 42713218 | R275: =M275*(1+0.01*growthrate!$E$3)^5 -> 6398053.9 | S275: =N275*(1+0.01*growthrate!$F$3)^10 -> 40565.3 | T275: =O275*(1+0.01*growthrate!$F$3)^10 -> 43300.341 | U275: =P275*(1+0.01*growthrate!$F$3)^10 -> 85091.727 | V275: =Q275*(1+0.01*growthrate!$F$3)^10 -> 45799106 | W275: =R275*(1+0.01*growthrate!$F$3)^10 -> 6860292
A276: 4620 | B276: 증기 및 온수 공급 | C276: 백만원 | D276: 7352 | E276: 3848 | F276: 11200 | G276: 220906 | H276: 2589571 | I276: =D276*(1+0.01*growthrate!E277)^2 -> 7352 | J276: =E276*(1+0.01*growthrate!$E$3)^2 -> 3964.3058 | K276: =F276*(1+0.01*growthrate!$E$3)^2 -> 11538.52 | L276: =G276*(1+0.01*growthrate!$E$3)^2 -> 227582.88 | M276: =H276*(1+0.01*growthrate!$E$3)^2 -> 2667840.8 | N276: =I276*(1+0.01*growthrate!$E$3)^5 -> 7920.192 | O276: =J276*(1+0.01*growthrate!$E$3)^5 -> 4270.6832 | P276: =K276*(1+0.01*growthrate!$E$3)^5 -> 12430.263 | Q276: =L276*(1+0.01*growthrate!$E$3)^5 -> 245171.4 | R276: =M276*(1+0.01*growthrate!$E$3)^5 -> 2874022.2 | S276: =N276*(1+0.01*growthrate!$F$3)^10 -> 8492.3995 | T276: =O276*(1+0.01*growthrate!$F$3)^10 -> 4579.2259 | U276: =P276*(1+0.01*growthrate!$F$3)^10 -> 13328.308 | V276: =Q276*(1+0.01*growthrate!$F$3)^10 -> 262884.22 | W276: =R276*(1+0.01*growthrate!$F$3)^10 -> 3081660.7
A277: 4700 | B277: 수도 | C277: 백만원 | D277: 8967 | E277: 5656 | F277: 14623 | G277: 223035 | H277: 2588910 | I277: =D277*(1+0.01*growthrate!E278)^2 -> 8967 | J277: =E277*(1+0.01*growthrate!$E$3)^2 -> 5826.9526 | K277: =F277*(1+0.01*growthrate!$E$3)^2 -> 15064.98 | L277: =G277*(1+0.01*growthrate!$E$3)^2 -> 229776.23 | M277: =H277*(1+0.01*growthrate!$E$3)^2 -> 2667159.8 | N277: =I277*(1+0.01*growthrate!$E$3)^5 -> 9660.0057 | O277: =J277*(1+0.01*growthrate!$E$3)^5 -> 6277.2828 | P277: =K277*(1+0.01*growthrate!$E$3)^5 -> 16229.262 | Q277: =L277*(1+0.01*growthrate!$E$3)^5 -> 247534.26 | R277: =M277*(1+0.01*growthrate!$E$3)^5 -> 2873288.6 | S277: =N277*(1+0.01*growthrate!$F$3)^10 -> 10357.909 | T277: =O277*(1+0.01*growthrate!$F$3)^10 -> 6730.7956 | U277: =P277*(1+0.01*growthrate!$F$3)^10 -> 17401.772 | V277: =Q277*(1+0.01*growthrate!$F$3)^10 -> 265417.79 | W277: =R277*(1+0.01*growthrate!$F$3)^10 -> 3080874.1
A278: 4801 | B278: 하수,폐수 및 분뇨처리(국공립) | C278: 백만원 | D278: 3483 | E278: 4455 | F278: 7938 | G278: 32619 | H278: 2211300 | I278: =D278*(1+0.01*growthrate!E279)^2 -> 3483 | J278: =E278*(1+0.01*growthrate!$E$3)^2 -> 4589.6524 | K278: =F278*(1+0.01*growthrate!$E$3)^2 -> 8177.926 | L278: =G278*(1+0.01*growthrate!$E$3)^2 -> 33604.909 | M278: =H278*(1+0.01*growthrate!$E$3)^2 -> 2278136.5 | N278: =I278*(1+0.01*growthrate!$E$3)^5 -> 3752.1802 | O278: =J278*(1+0.01*growthrate!$E$3)^5 -> 4944.3591 | P278: =K278*(1+0.01*growthrate!$E$3)^5 -> 8809.9489 | Q278: =L278*(1+0.01*growthrate!$E$3)^5 -> 36202.031 | R278: =M278*(1+0.01*growthrate!$E$3)^5 -> 2454200.1 | S278: =N278*(1+0.01*growthrate!$F$3)^10 -> 4023.2627 | T278: =O278*(1+0.01*growthrate!$F$3)^10 -> 5301.5726 | U278: =P278*(1+0.01*growthrate!$F$3)^10 -> 9446.4384 | V278: =Q278*(1+0.01*growthrate!$F$3)^10 -> 38817.507 | W278: =R278*(1+0.01*growthrate!$F$3)^10 -> 2631507.8
A279: 4802 | B279: 하수,폐수 및 분뇨처리(산업) | C279: 백만원 | D279: 1930 | E279: 83 | F279: 2013 | G279: 16170 | H279: 1949720 | I279: =D279*(1+0.01*growthrate!E280)^2 -> 1930 | J279: =E279*(1+0.01*growthrate!$E$3)^2 -> 85.508675 | K279: =F279*(1+0.01*growthrate!$E$3)^2 -> 2073.8429 | L279: =G279*(1+0.01*growthrate!$E$3)^2 -> 16658.738 | M279: =H279*(1+0.01*growthrate!$E$3)^2 -> 2008650.3 | N279: =I279*(1+0.01*growthrate!$E$3)^5 -> 2079.1581 | O279: =J279*(1+0.01*growthrate!$E$3)^5 -> 92.117128 | P279: =K279*(1+0.01*growthrate!$E$3)^5 -> 2234.1178 | Q279: =L279*(1+0.01*growthrate!$E$3)^5 -> 17946.192 | R279: =M279*(1+0.01*growthrate!$E$3)^5 -> 2163886.8 | S279: =N279*(1+0.01*growthrate!$F$3)^10 -> 2229.3704 | T279: =O279*(1+0.01*growthrate!$F$3)^10 -> 98.772283 | U279: =P279*(1+0.01*growthrate!$F$3)^10 -> 2395.5254 | V279: =Q279*(1+0.01*growthrate!$F$3)^10 -> 19242.745 | W279: =R279*(1+0.01*growthrate!$F$3)^10 -> 2320220.4
A280: 4911 | B280: 폐기물 수집, 운반 및 처리(국공립) | C280: 백만원 | D280: 0 | E280: 0 | F280: 0 | G280: 3 | H280: 2215 | I280: =D280*(1+0.01*growthrate!E281)^2 -> 0 | J280: =E280*(1+0.01*growthrate!$E$3)^2 -> 0 | K280: =F280*(1+0.01*growthrate!$E$3)^2 -> 0 | L280: =G280*(1+0.01*growthrate!$E$3)^2 -> 3.090675 | M280: =H280*(1+0.01*growthrate!$E$3)^2 -> 2281.9484 | N280: =I280*(1+0.01*growthrate!$E$3)^5 -> 0 | O280: =J280*(1+0.01*growthrate!$E$3)^5 -> 0 | P280: =K280*(1+0.01*growthrate!$E$3)^5 -> 0 | Q280: =L280*(1+0.01*growthrate!$E$3)^5 -> 3.3295347 | R280: =M280*(1+0.01*growthrate!$E$3)^5 -> 2458.3065 | S280: =N280*(1+0.01*growthrate!$F$3)^10 -> 0 | T280: =O280*(1+0.01*growthrate!$F$3)^10 -> 0 | U280: =P280*(1+0.01*growthrate!$F$3)^10 -> 0 | V280: =Q280*(1+0.01*growthrate!$F$3)^10 -> 3.5700825 | W280: =R280*(1+0.01*growthrate!$F$3)^10 -> 2635.9109
A281: 4912 | B281: 폐기물 수집, 운반 및 처리(산업) | C281: 백만원 | D281: 136728 | E281: 31053 | F281: 167781 | G281: 184719 | H281: 6501889 | I281: =D281*(1+0.01*growthrate!E282)^2 -> 136728 | J281: =E281*(1+0.01*growthrate!$E$3)^2 -> 31991.577 | K281: =F281*(1+0.01*growthrate!$E$3)^2 -> 172852.18 | L281: =G281*(1+0.01*growthrate!$E$3)^2 -> 190302.13 | M281: =H281*(1+0.01*growthrate!$E$3)^2 -> 6698408.6 | N281: =I281*(1+0.01*growthrate!$E$3)^5 -> 147294.89 | O281: =J281*(1+0.01*growthrate!$E$3)^5 -> 34464.014 | P281: =K281*(1+0.01*growthrate!$E$3)^5 -> 186210.89 | Q281: =L281*(1+0.01*growthrate!$E$3)^5 -> 205009.44 | R281: =M281*(1+0.01*growthrate!$E$3)^5 -> 7216088.4 | S281: =N281*(1+0.01*growthrate!$F$3)^10 -> 157936.45 | T281: =O281*(1+0.01*growthrate!$F$3)^10 -> 36953.924 | U281: =P281*(1+0.01*growthrate!$F$3)^10 -> 199664.01 | V281: =Q281*(1+0.01*growthrate!$F$3)^10 -> 219820.69 | W281: =R281*(1+0.01*growthrate!$F$3)^10 -> 7737426.8
A282: 4920 | B282: 자원재활용서비스 | C282: 백만원 | D282: 0 | E282: 0 | F282: 0 | G282: 348511 | H282: 5512792 | I282: =D282*(1+0.01*growthrate!E283)^2 -> 0 | J282: =E282*(1+0.01*growthrate!$E$3)^2 -> 0 | K282: =F282*(1+0.01*growthrate!$E$3)^2 -> 0 | L282: =G282*(1+0.01*growthrate!$E$3)^2 -> 359044.74 | M282: =H282*(1+0.01*growthrate!$E$3)^2 -> 5679416.1 | N282: =I282*(1+0.01*growthrate!$E$3)^5 -> 0 | O282: =J282*(1+0.01*growthrate!$E$3)^5 -> 0 | P282: =K282*(1+0.01*growthrate!$E$3)^5 -> 0 | Q282: =L282*(1+0.01*growthrate!$E$3)^5 -> 386793.16 | R282: =M282*(1+0.01*growthrate!$E$3)^5 -> 6118344.2 | S282: =N282*(1+0.01*growthrate!$F$3)^10 -> 0 | T282: =O282*(1+0.01*growthrate!$F$3)^10 -> 0 | U282: =P282*(1+0.01*growthrate!$F$3)^10 -> 0 | V282: =Q282*(1+0.01*growthrate!$F$3)^10 -> 414737.68 | W282: =R282*(1+0.01*growthrate!$F$3)^10 -> 6560374.1
A283: 5010 | B283: 주거용 건물 | C283: 백만원 | D283: 0 | E283: 0 | F283: 0 | G283: 4724733 | H283: 42253964 | I283: =D283*(1+0.01*growthrate!E284)^2 -> 0 | J283: =E283*(1+0.01*growthrate!$E$3)^2 -> 0 | K283: =F283*(1+0.01*growthrate!$E$3)^2 -> 0 | L283: =G283*(1+0.01*growthrate!$E$3)^2 -> 4867538.1 | M283: =H283*(1+0.01*growthrate!$E$3)^2 -> 43531090 | N283: =I283*(1+0.01*growthrate!$E$3)^5 -> 0 | O283: =J283*(1+0.01*growthrate!$E$3)^5 -> 0 | P283: =K283*(1+0.01*growthrate!$E$3)^5 -> 0 | Q283: =L283*(1+0.01*growthrate!$E$3)^5 -> 5243720.9 | R283: =M283*(1+0.01*growthrate!$E$3)^5 -> 46895347 | S283: =N283*(1+0.01*growthrate!$F$3)^10 -> 0 | T283: =O283*(1+0.01*growthrate!$F$3)^10 -> 0 | U283: =P283*(1+0.01*growthrate!$F$3)^10 -> 0 | V283: =Q283*(1+0.01*growthrate!$F$3)^10 -> 5622562.2 | W283: =R283*(1+0.01*growthrate!$F$3)^10 -> 50283380
A284: 5020 | B284: 비주거용 건물 | C284: 백만원 | D284: 0 | E284: 0 | F284: 0 | G284: 4757344 | H284: 51551759 | I284: =D284*(1+0.01*growthrate!E285)^2 -> 0 | J284: =E284*(1+0.01*growthrate!$E$3)^2 -> 0 | K284: =F284*(1+0.01*growthrate!$E$3)^2 -> 0 | L284: =G284*(1+0.01*growthrate!$E$3)^2 -> 4901134.7 | M284: =H284*(1+0.01*growthrate!$E$3)^2 -> 53109911 | N284: =I284*(1+0.01*growthrate!$E$3)^5 -> 0 | O284: =J284*(1+0.01*growthrate!$E$3)^5 -> 0 | P284: =K284*(1+0.01*growthrate!$E$3)^5 -> 0 | Q284: =L284*(1+0.01*growthrate!$E$3)^5 -> 5279914 | R284: =M284*(1+0.01*growthrate!$E$3)^5 -> 57214457 | S284: =N284*(1+0.01*growthrate!$F$3)^10 -> 0 | T284: =O284*(1+0.01*growthrate!$F$3)^10 -> 0 | U284: =P284*(1+0.01*growthrate!$F$3)^10 -> 0 | V284: =Q284*(1+0.01*growthrate!$F$3)^10 -> 5661370.2 | W284: =R284*(1+0.01*growthrate!$F$3)^10 -> 61348011
A285: 5030 | B285: 건축보수 | C285: 백만원 | D285: 1550 | E285: 0 | F285: 1550 | G285: 618403 | H285: 10019838 | I285: =D285*(1+0.01*growthrate!E286)^2 -> 1550 | J285: =E285*(1+0.01*growthrate!$E$3)^2 -> 0 | K285: =F285*(1+0.01*growthrate!$E$3)^2 -> 1596.8487 | L285: =G285*(1+0.01*growthrate!$E$3)^2 -> 637094.23 | M285: =H285*(1+0.01*growthrate!$E$3)^2 -> 10322688 | N285: =I285*(1+0.01*growthrate!$E$3)^5 -> 1669.7902 | O285: =J285*(1+0.01*growthrate!$E$3)^5 -> 0 | P285: =K285*(1+0.01*growthrate!$E$3)^5 -> 1720.2596 | Q285: =L285*(1+0.01*growthrate!$E$3)^5 -> 686331.42 | R285: =M285*(1+0.01*growthrate!$E$3)^5 -> 11120466 | S285: =N285*(1+0.01*growthrate!$F$3)^10 -> 1790.427 | T285: =O285*(1+0.01*growthrate!$F$3)^10 -> 0 | U285: =P285*(1+0.01*growthrate!$F$3)^10 -> 1844.5426 | V285: =Q285*(1+0.01*growthrate!$F$3)^10 -> 735916.58 | W285: =R285*(1+0.01*growthrate!$F$3)^10 -> 11923883
A286: 5111 | B286: 도로시설 | C286: 백만원 | D286: 0 | E286: 0 | F286: 0 | G286: 175868 | H286: 6853507 | I286: =D286*(1+0.01*growthrate!E287)^2 -> 0 | J286: =E286*(1+0.01*growthrate!$E$3)^2 -> 0 | K286: =F286*(1+0.01*growthrate!$E$3)^2 -> 0 | L286: =G286*(1+0.01*growthrate!$E$3)^2 -> 181183.61 | M286: =H286*(1+0.01*growthrate!$E$3)^2 -> 7060654.2 | N286: =I286*(1+0.01*growthrate!$E$3)^5 -> 0 | O286: =J286*(1+0.01*growthrate!$E$3)^5 -> 0 | P286: =K286*(1+0.01*growthrate!$E$3)^5 -> 0 | Q286: =L286*(1+0.01*growthrate!$E$3)^5 -> 195186.21 | R286: =M286*(1+0.01*growthrate!$E$3)^5 -> 7606329.9 | S286: =N286*(1+0.01*growthrate!$F$3)^10 -> 0 | T286: =O286*(1+0.01*growthrate!$F$3)^10 -> 0 | U286: =P286*(1+0.01*growthrate!$F$3)^10 -> 0 | V286: =Q286*(1+0.01*growthrate!$F$3)^10 -> 209287.76 | W286: =R286*(1+0.01*growthrate!$F$3)^10 -> 8155861.9
... A381: 8300 | B381: 기타 | C381: 백만원 | D381: 0 | E381: 0 | F381: 0 | G381: 6405 | H381: 0 | I381: =D381*(1+0.01*growthrate!E382)^2 -> 0 | J381: =E381*(1+0.01*growthrate!$E$3)^2 -> 0 | K381: =F381*(1+0.01*growthrate!$E$3)^2 -> 0 | L381: =G381*(1+0.01*growthrate!$E$3)^2 -> 6598.5911 | M381: =H381*(1+0.01*growthrate!$E$3)^2 -> 0 | N381: =I381*(1+0.01*growthrate!$E$3)^5 -> 0 | O381: =J381*(1+0.01*growthrate!$E$3)^5 -> 0 | P381: =K381*(1+0.01*growthrate!$E$3)^5 -> 0 | Q381: =L381*(1+0.01*growthrate!$E$3)^5 -> 7108.5567 | R381: =M381*(1+0.01*growthrate!$E$3)^5 -> 0 | S381: =N381*(1+0.01*growthrate!$F$3)^10 -> 0 | T381: =O381*(1+0.01*growthrate!$F$3)^10 -> 0 | U381: =P381*(1+0.01*growthrate!$F$3)^10 -> 0 | V381: =Q381*(1+0.01*growthrate!$F$3)^10 -> 7622.1262 | W381: =R381*(1+0.01*growthrate!$F$3)^10 -> 0
A382: 9590 | B382: 중간투입계 | C382: 백만원 | D382: 784205547 | E382: 231751740 | F382: 1015957287 | G382: 784205547 | H382: 2383273581 | I382: =D382*(1+0.01*growthrate!E383)^2 -> 784205547 | J382: =E382*(1+0.01*growthrate!$E$3)^2+966657.038814344 -> 2.3972309e+08 | K382: =I382+J382 -> 1.0239286e+09 | L382: =G382*(1+0.01*growthrate!$E$3)^2 -> 8.0790816e+08 | M382: =H382*(1+0.01*growthrate!$E$3)^2 -> 2.455308e+09 | N382: =I382*(1+0.01*growthrate!$E$3)^5 -> 8.4481209e+08 | O382: =J382*(1+0.01*growthrate!$E$3)^5+11234183.3223552-1780803.264 -> 2.6770323e+08 | P382: =K382*(1+0.01*growthrate!$E$3)^5+11234183.3223552-1780803.264 -> 1.1125153e+09 | Q382: =L382*(1+0.01*growthrate!$E$3)^5 -> 8.7034654e+08 | R382: =M382*(1+0.01*growthrate!$E$3)^5 -> 2.6450641e+09 | S382: =N382*(1+0.01*growthrate!$F$3)^10 -> 9.0584695e+08 | T382: =O382*(1+0.01*growthrate!$F$3)^10-633497.5693+39575034 -> 3.2598544e+08 | U382: =P382*(1+0.01*growthrate!$F$3)^10-633497.5693+39575034 -> 1.2318324e+09 | V382: =Q382*(1+0.01*growthrate!$F$3)^10 -> 9.3322617e+08 | W382: =R382*(1+0.01*growthrate!$F$3)^10 -> 2.8361611e+09

Sheet topdown
A1: code | B1: sector | C1: unit | D1: 2023 | E1: 2023 | F1: 2023 | G1: 2023 | H1: 2025 | I1: 2025 | J1: 2025 | K1: 2025 | L1: 2030 | M1: 2030 | N1: 2030 | O1: 2030 | P1: 2040 | Q1: 2040 | R1: 2040 | S1: 2040
A2: code | B2: sector | C2: 백만원 | D2: 중간수요계 | E2: 최종수요계 | F2: 총수요계 | G2: 중간투입계(행합) | H2: 중간수요계 | I2: 최종수요계 | J2: 총수요계 | K2: 중간투입계(행합) | L2: 중간수요계 | M2: 최종수요계 | N2: 총수요계 | O2: 중간투입계(행합) | P2: 중간수요계 | Q2: 최종수요계 | R2: 총수요계 | S2: 중간투입계(행합)
A3: 0111 | B3: 벼 | C3: 백만원 | D3: 0 | E3: 0 | F3: 0 | G3: 248598 | H3: =D3*(1+0.01*growthrate!$E$3)^2 -> 0 | I3: =E3*(1+0.01*growthrate!$E$3)^2 -> 0 | J3: =F3*(1+0.01*growthrate!$E$3)^2 -> 0 | K3: =G3*(1+0.01*growthrate!$E$3)^2 -> 256111.87 | L3: =H3*(1+0.01*growthrate!$E$3)^5 -> 0 | M3: =I3*(1+0.01*growthrate!$E$3)^5 -> 0 | N3: =J3*(1+0.01*growthrate!$E$3)^5 -> 0 | O3: =K3*(1+0.01*growthrate!$E$3)^5 -> 275905.23 | P3: =L3*(1+0.01*growthrate!$F$3)^10 -> 0 | Q3: =M3*(1+0.01*growthrate!$F$3)^10 -> 0 | R3: =N3*(1+0.01*growthrate!$F$3)^10 -> 0 | S3: =O3*(1+0.01*growthrate!$F$3)^10 -> 295838.46
A4: 0112 | B4: 맥류 및 잡곡 | C4: 백만원 | D4: 6778410 | E4: 102197 | F4: 6880607 | G4: 11736 | H4: =D4*(1+0.01*growthrate!E4)^2 -> 7010834.9 | I4: =E4*(1+0.01*growthrate!$E$3)^2 -> 105285.9 | J4: =F4*(1+0.01*growthrate!$E$3)^2 -> 7088573.3 | K4: =G4*(1+0.01*growthrate!$E$3)^2 -> 12090.721 | L4: =H4*(1+0.01*growthrate!$E$3)^5 -> 7552660.3 | M4: =I4*(1+0.01*growthrate!$E$3)^5 -> 113422.82 | N4: =J4*(1+0.01*growthrate!$E$3)^5 -> 7636406.7 | O4: =K4*(1+0.01*growthrate!$E$3)^5 -> 13025.14 | P4: =L4*(1+0.01*growthrate!$F$3)^10 -> 8098314.8 | Q4: =M4*(1+0.01*growthrate!$F$3)^10 -> 121617.24 | R4: =N4*(1+0.01*growthrate!$F$3)^10 -> 8188111.6 | S4: =O4*(1+0.01*growthrate!$F$3)^10 -> 13966.163
A5: 0113 | B5: 콩류 | C5: 백만원 | D5: 1047612 | E5: 280198 | F5: 1327810 | G5: 3157 | H5: =D5*(1+0.01*growthrate!E5)^2 -> 1047612 | I5: =E5*(1+0.01*growthrate!$E$3)^2 -> 288666.98 | J5: =F5*(1+0.01*growthrate!$E$3)^2 -> 1367943.1 | K5: =G5*(1+0.01*growthrate!$E$3)^2 -> 3252.4203 | L5: =H5*(1+0.01*growthrate!$E$3)^5 -> 1128575.6 | M5: =I5*(1+0.01*growthrate!$E$3)^5 -> 310976.32 | N5: =J5*(1+0.01*growthrate!$E$3)^5 -> 1473663.2 | O5: =K5*(1+0.01*growthrate!$E$3)^5 -> 3503.7804 | P5: =L5*(1+0.01*growthrate!$F$3)^10 -> 1210111.5 | Q5: =M5*(1+0.01*growthrate!$F$3)^10 -> 333443.33 | R5: =N5*(1+0.01*growthrate!$F$3)^10 -> 1580130.4 | S5: =O5*(1+0.01*growthrate!$F$3)^10 -> 3756.9169
A6: 0114 | B6: 감자류 | C6: 백만원 | D6: 43309 | E6: 5701 | F6: 49010 | G6: 8846 | H6: =D6*(1+0.01*growthrate!E6)^2 -> 43309 | I6: =E6*(1+0.01*growthrate!$E$3)^2 -> 5873.3127 | J6: =F6*(1+0.01*growthrate!$E$3)^2 -> 50491.327 | K6: =G6*(1+0.01*growthrate!$E$3)^2 -> 9113.3703 | L6: =H6*(1+0.01*growthrate!$E$3)^5 -> 46656.093 | M6: =I6*(1+0.01*growthrate!$E$3)^5 -> 6327.2258 | N6: =J6*(1+0.01*growthrate!$E$3)^5 -> 54393.499 | O6: =K6*(1+0.01*growthrate!$E$3)^5 -> 9817.6881 | P6: =L6*(1+0.01*growthrate!$F$3)^10 -> 50026.84 | Q6: =M6*(1+0.01*growthrate!$F$3)^10 -> 6784.3468 | R6: =N6*(1+0.01*growthrate!$F$3)^10 -> 58323.248 | S6: =O6*(1+0.01*growthrate!$F$3)^10 -> 10526.983
A7: 0121 | B7: 채소 | C7: 백만원 | D7: 192086 | E7: 347759 | F7: 539845 | G7: 573328 | H7: =D7*(1+0.01*growthrate!E7)^2 -> 192086 | I7: =E7*(1+0.01*growthrate!$E$3)^2 -> 358270.02 | J7: =F7*(1+0.01*growthrate!$E$3)^2 -> 556161.82 | K7: =G7*(1+0.01*growthrate!$E$3)^2 -> 590656.84 | L7: =H7*(1+0.01*growthrate!$E$3)^5 -> 206931.18 | M7: =I7*(1+0.01*growthrate!$E$3)^5 -> 385958.56 | N7: =J7*(1+0.01*growthrate!$E$3)^5 -> 599144.23 | O7: =K7*(1+0.01*growthrate!$E$3)^5 -> 636305.16 | P7: =L7*(1+0.01*growthrate!$F$3)^10 -> 221881.26 | Q7: =M7*(1+0.01*growthrate!$F$3)^10 -> 413842.78 | R7: =N7*(1+0.01*growthrate!$F$3)^10 -> 642430.4 | S7: =O7*(1+0.01*growthrate!$F$3)^10 -> 682276.09
A8: 0122 | B8: 과실 | C8: 백만원 | D8: 166506 | E8: 1630308 | F8: 1796814 | G8: 221302 | H8: =D8*(1+0.01*growthrate!E8)^2 -> 166506 | I8: =E8*(1+0.01*growthrate!$E$3)^2 -> 1679584.1 | J8: =F8*(1+0.01*growthrate!$E$3)^2 -> 1851122.7 | K8: =G8*(1+0.01*growthrate!$E$3)^2 -> 227990.85 | L8: =H8*(1+0.01*growthrate!$E$3)^5 -> 179374.25 | M8: =I8*(1+0.01*growthrate!$E$3)^5 -> 1809389 | N8: =J8*(1+0.01*growthrate!$E$3)^5 -> 1994184.9 | O8: =K8*(1+0.01*growthrate!$E$3)^5 -> 245610.9 | P8: =L8*(1+0.01*growthrate!$F$3)^10 -> 192333.44 | Q8: =M8*(1+0.01*growthrate!$F$3)^10 -> 1940111.4 | R8: =N8*(1+0.01*growthrate!$F$3)^10 -> 2138258.1 | S8: =O8*(1+0.01*growthrate!$F$3)^10 -> 263355.47
A9: 0191 | B9: 화훼작물 | C9: 백만원 | D9: 40441 | E9: 131257 | F9: 171698 | G9: 85072 | H9: =D9*(1+0.01*growthrate!E9)^2 -> 40441 | I9: =E9*(1+0.01*growthrate!$E$3)^2 -> 135224.24 | J9: =F9*(1+0.01*growthrate!$E$3)^2 -> 176887.57 | K9: =G9*(1+0.01*growthrate!$E$3)^2 -> 87643.301 | L9: =H9*(1+0.01*growthrate!$E$3)^5 -> 43566.442 | M9: =I9*(1+0.01*growthrate!$E$3)^5 -> 145674.91 | N9: =J9*(1+0.01*growthrate!$E$3)^5 -> 190558.15 | O9: =K9*(1+0.01*growthrate!$E$3)^5 -> 94416.726 | P9: =L9*(1+0.01*growthrate!$F$3)^10 -> 46713.973 | Q9: =M9*(1+0.01*growthrate!$F$3)^10 -> 156199.44 | R9: =N9*(1+0.01*growthrate!$F$3)^10 -> 204325.34 | S9: =O9*(1+0.01*growthrate!$F$3)^10 -> 101238.02
A10: 0192 | B10: 약용작물 | C10: 백만원 | D10: 139519 | E10: 98856 | F10: 238375 | G10: 27806 | H10: =D10*(1+0.01*growthrate!E10)^2 -> 139519 | I10: =E10*(1+0.01*growthrate!$E$3)^2 -> 101843.92 | J10: =F10*(1+0.01*growthrate!$E$3)^2 -> 245579.88 | K10: =G10*(1+0.01*growthrate!$E$3)^2 -> 28646.436 | L10: =H10*(1+0.01*growthrate!$E$3)^5 -> 150301.59 | M10: =I10*(1+0.01*growthrate!$E$3)^5 -> 109714.83 | N10: =J10*(1+0.01*growthrate!$E$3)^5 -> 264559.28 | O10: =K10*(1+0.01*growthrate!$E$3)^5 -> 30860.348 | P10: =L10*(1+0.01*growthrate!$F$3)^10 -> 161160.38 | Q10: =M10*(1+0.01*growthrate!$F$3)^10 -> 117641.36 | R10: =N10*(1+0.01*growthrate!$F$3)^10 -> 283672.81 | S10: =O10*(1+0.01*growthrate!$F$3)^10 -> 33089.905
A11: 0193 | B11: 잎담배 | C11: 백만원 | D11: 382739 | E11: 22142 | F11: 404881 | G11: 666 | H11: =D11*(1+0.01*growthrate!E11)^2 -> 382739 | I11: =E11*(1+0.01*growthrate!$E$3)^2 -> 22811.242 | J11: =F11*(1+0.01*growthrate!$E$3)^2 -> 417118.53 | K11: =G11*(1+0.01*growthrate!$E$3)^2 -> 686.12985 | L11: =H11*(1+0.01*growthrate!$E$3)^5 -> 412318.6 | M11: =I11*(1+0.01*growthrate!$E$3)^5 -> 24574.186 | N11: =J11*(1+0.01*growthrate!$E$3)^5 -> 449355.12 | O11: =K11*(1+0.01*growthrate!$E$3)^5 -> 739.15671 | P11: =L11*(1+0.01*growthrate!$F$3)^10 -> 442107.25 | Q11: =M11*(1+0.01*growthrate!$F$3)^10 -> 26349.589 | R11: =N11*(1+0.01*growthrate!$F$3)^10 -> 481819.53 | S11: =O11*(1+0.01*growthrate!$F$3)^10 -> 792.55832
A12: 0194 | B12: 천연고무 | C12: 백만원 | D12: 586461 | E12: -19365 | F12: 567096 | G12: 0 | H12: =D12*(1+0.01*growthrate!E12)^2 -> 586461 | I12: =E12*(1+0.01*growthrate!$E$3)^2 -> -19950.307 | J12: =F12*(1+0.01*growthrate!$E$3)^2 -> 584236.48 | K12: =G12*(1+0.01*growthrate!$E$3)^2 -> 0 | L12: =H12*(1+0.01*growthrate!$E$3)^5 -> 631785.05 | M12: =I12*(1+0.01*growthrate!$E$3)^5 -> -21492.147 | N12: =J12*(1+0.01*growthrate!$E$3)^5 -> 629388.61 | O12: =K12*(1+0.01*growthrate!$E$3)^5 -> 0 | P12: =L12*(1+0.01*growthrate!$F$3)^10 -> 677429.42 | Q12: =M12*(1+0.01*growthrate!$F$3)^10 -> -23044.883 | R12: =N12*(1+0.01*growthrate!$F$3)^10 -> 674859.84 | S12: =O12*(1+0.01*growthrate!$F$3)^10 -> 0
A13: 0195 | B13: 종자 | C13: 백만원 | D13: 325776 | E13: 42514 | F13: 368290 | G13: 61422 | H13: =D13*(1+0.01*growthrate!E13)^2 -> 325776 | I13: =E13*(1+0.01*growthrate!$E$3)^2 -> 43798.986 | J13: =F13*(1+0.01*growthrate!$E$3)^2 -> 379421.57 | K13: =G13*(1+0.01*growthrate!$E$3)^2 -> 63278.48 | L13: =H13*(1+0.01*growthrate!$E$3)^5 -> 350953.27 | M13: =I13*(1+0.01*growthrate!$E$3)^5 -> 47183.947 | N13: =J13*(1+0.01*growthrate!$E$3)^5 -> 408744.78 | O13: =K13*(1+0.01*growthrate!$E$3)^5 -> 68168.894 | P13: =L13*(1+0.01*growthrate!$F$3)^10 -> 376308.48 | Q13: =M13*(1+0.01*growthrate!$F$3)^10 -> 50592.83 | R13: =N13*(1+0.01*growthrate!$F$3)^10 -> 438275.23 | S13: =O13*(1+0.01*growthrate!$F$3)^10 -> 73093.87
A14: 0196 | B14: 기타식용작물 | C14: 백만원 | D14: 1308522 | E14: 212816 | F14: 1521338 | G14: 8166 | H14: =D14*(1+0.01*growthrate!E14)^2 -> 1308522 | I14: =E14*(1+0.01*growthrate!$E$3)^2 -> 219248.36 | J14: =F14*(1+0.01*growthrate!$E$3)^2 -> 1567320.4 | K14: =G14*(1+0.01*growthrate!$E$3)^2 -> 8412.8173 | L14: =H14*(1+0.01*growthrate!$E$3)^5 -> 1409649.8 | M14: =I14*(1+0.01*growthrate!$E$3)^5 -> 236192.75 | N14: =J14*(1+0.01*growthrate!$E$3)^5 -> 1688449.2 | O14: =K14*(1+0.01*growthrate!$E$3)^5 -> 9062.9936 | P14: =L14*(1+0.01*growthrate!$F$3)^10 -> 1511492.3 | Q14: =M14*(1+0.01*growthrate!$F$3)^10 -> 253256.89 | R14: =N14*(1+0.01*growthrate!$F$3)^10 -> 1810434.1 | S14: =O14*(1+0.01*growthrate!$F$3)^10 -> 9717.7646
A15: 0199 | B15: 기타 비식용작물 | C15: 백만원 | D15: 505861 | E15: -15434 | F15: 490427 | G15: 195 | H15: =D15*(1+0.01*growthrate!E15)^2 -> 505861 | I15: =E15*(1+0.01*growthrate!$E$3)^2 -> -15900.493 | J15: =F15*(1+0.01*growthrate!$E$3)^2 -> 505250.16 | K15: =G15*(1+0.01*growthrate!$E$3)^2 -> 200.89387 | L15: =H15*(1+0.01*growthrate!$E$3)^5 -> 544955.96 | M15: =I15*(1+0.01*growthrate!$E$3)^5 -> -17129.346 | N15: =J15*(1+0.01*growthrate!$E$3)^5 -> 544297.91 | O15: =K15*(1+0.01*growthrate!$E$3)^5 -> 216.41976 | P15: =L15*(1+0.01*growthrate!$F$3)^10 -> 584327.22 | Q15: =M15*(1+0.01*growthrate!$F$3)^10 -> -18366.885 | R15: =N15*(1+0.01*growthrate!$F$3)^10 -> 583621.62 | S15: =O15*(1+0.01*growthrate!$F$3)^10 -> 232.05536
... A383: 9590 | B383: 중간투입계 | C383: 백만원 | D383: 784205547 | E383: 231751740 | F383: 1015957287 | G383: 784205547 | H383: =D383*(1+0.01*growthrate!E383)^2 -> 784205547 | I383: =E383*(1+0.01*growthrate!$E$3)^2 -> 2.3875644e+08 | J383: =F383*(1+0.01*growthrate!$E$3)^2 -> 1.0466646e+09 | K383: =G383*(1+0.01*growthrate!$E$3)^2 -> 8.0790816e+08 | L383: =H383*(1+0.01*growthrate!$E$3)^5 -> 8.4481209e+08 | M383: =I383*(1+0.01*growthrate!$E$3)^5 -> 2.5720849e+08 | N383: =J383*(1+0.01*growthrate!$E$3)^5 -> 1.127555e+09 | O383: =K383*(1+0.01*growthrate!$E$3)^5 -> 8.7034654e+08 | P383: =L383*(1+0.01*growthrate!$F$3)^10 -> 9.0584695e+08 | Q383: =M383*(1+0.01*growthrate!$F$3)^10 -> 2.7579095e+08 | R383: =N383*(1+0.01*growthrate!$F$3)^10 -> 1.2090171e+09 | S383: =O383*(1+0.01*growthrate!$F$3)^10 -> 9.3322617e+08

Sheet growthrate
A1: 시나리오 | B1: source | C1: unit | D1: 2023 | E1: 2025-2030 | F1: 2031-2040 | G1: 2041-2050
A2: 비관 | B2: KDI | C2: % | E2: 1.2 | F2: 0.4 | G2: -0.3
A3: 기준 | B3: KDI | C3: % | E3: 1.5 | F3: 0.7 | G3: 0.1
A4: 낙관 | B4: KDI | C4: % | E4: 1.7 | F4: 1.1 | G4: 0.5

Sheet producerprice
B1: 0111 | C1: 0112 | D1: 0113 | E1: 0114 | F1: 0121 | G1: 0122 | H1: 0191 | I1: 0192 | J1: 0193 | K1: 0194 | L1: 0195 | M1: 0196 | N1: 0199 | O1: 0211 | P1: 0212 | Q1: 0291 | R1: 0292 | S1: 0299 | T1: 0301 | U1: 0302 | V1: 0303 | W1: 0309 | X1: 0401 | Y1: 0402 | Z1: 0500 | AA1: 0611 | AB1: 0612 | AC1: 0621 | AD1: 0622 | AE1: 0711 | AF1: 0719 | AG1: 0721 | AH1: 0722 | AI1: 0729 | AJ1: 0811 | AK1: 0812 | AL1: 0813 | AM1: 0814 | AN1: 0821 | AO1: 0822 | AP1: 0831 | AQ1: 0832 | AR1: 0841 | AS1: 0842 | AT1: 0843 | AU1: 0851 | AV1: 0852 | AW1: 0861 | AX1: 0862 | AY1: 0871 | AZ1: 0872 | BA1: 0873 | BB1: 0879 | BC1: 0880 | BD1: 0911 | BE1: 0912 | BF1: 0913 | BG1: 0919 | BH1: 0920 | BI1: 1000 | BJ1: 1111 | BK1: 1119 | BL1: 1121 | BM1: 1122 | BN1: 1123 | BO1: 1130 | BP1: 1141 | BQ1: 1142 | BR1: 1149 | BS1: 1151 | BT1: 1152 | BU1: 1153 | BV1: 1154 | BW1: 1155 | BX1: 1201 | BY1: 1202 | BZ1: 1203 | CA1: 1204 | CB1: 1209 | CC1: 1311 | CD1: 1312 | CE1: 1313 | CF1: 1321 | CG1: 1322 | CH1: 1329 | CI1: 1410 | CJ1: 1421 | CK1: 1429 | CL1: 1431 | CM1: 1432 | CN1: 1433 | CO1: 1434 | CP1: 1439 | CQ1: 1500 | CR1: 1610 | CS1: 1621 | CT1: 1622 | CU1: 1623 | CV1: 1624 | CW1: 1625 | CX1: 1626 | CY1: 1627 | CZ1: 1628 | DA1: 1631 | DB1: 1639 | DC1: 1711 | DD1: 1712 | DE1: 1713 | DF1: 1719 | DG1: 1721 | DH1: 1722 | DI1: 1723 | DJ1: 1801 | DK1: 1802 | DL1: 1900 | DM1: 2000 | DN1: 2101 | DO1: 2102 | DP1: 2211 | DQ1: 2212 | DR1: 2221 | DS1: 2222 | DT1: 2291 | DU1: 2292 | DV1: 2299 | DW1: 2310 | DX1: 2391 | DY1: 2392 | DZ1: 2393 | EA1: 2399 | EB1: 2410 | EC1: 2491 | ED1: 2499 | EE1: 2501 | EF1: 2502 | EG1: 2503 | EH1: 2509 | EI1: 2611 | EJ1: 2612 | EK1: 2613 | EL1: 2614 | EM1: 2620 | EN1: 2631 | EO1: 2632 | EP1: 2691 | EQ1: 2692 | ER1: 2693 | ES1: 2694 | ET1: 2699 | EU1: 2711 | EV1: 2712 | EW1: 2713 | EX1: 2721 | EY1: 2722 | EZ1: 2723 | FA1: 2724 | FB1: 2725 | FC1: 2726 | FD1: 2727 | FE1: 2730 | FF1: 2791 | FG1: 2799 | FH1: 2811 | FI1: 2812 | FJ1: 2813 | FK1: 2814 | FL1: 2819 | FM1: 2821 | FN1: 2822 | FO1: 2829 | FP1: 2900 | FQ1: 3011 | FR1: 3012 | FS1: 3013 | FT1: 3014 | FU1: 3021 | FV1: 3022 | FW1: 3031 | FX1: 3032 | FY1: 3091 | FZ1: 3092 | GA1: 3093 | GB1: 3094 | GC1: 3095 | GD1: 3099 | GE1: 3101 | GF1: 3102 | GG1: 3201 | GH1: 3209 | GI1: 3310 | GJ1: 3391 | GK1: 3399 | GL1: 3401 | GM1: 3402 | GN1: 3409 | GO1: 3511 | GP1: 3512 | GQ1: 3519 | GR1: 3521 | GS1: 3522 | GT1: 3523 | GU1: 3611 | GV1: 3612 | GW1: 3613 | GX1: 3691 | GY1: 3692 | GZ1: 3710 | HA1: 3721 | HB1: 3722 | HC1: 3723 | HD1: 3724 | HE1: 3730 | HF1: 3740 | HG1: 3751 | HH1: 3752 | HI1: 3759 | HJ1: 3791 | HK1: 3792 | HL1: 3799 | HM1: 3810 | HN1: 3820 | HO1: 3831 | HP1: 3832 | HQ1: 3840 | HR1: 3851 | HS1: 3852 | HT1: 3891 | HU1: 3899 | HV1: 3911 | HW1: 3912 | HX1: 3920 | HY1: 3930 | HZ1: 3941 | IA1: 3942 | IB1: 3991 | IC1: 3992 | ID1: 3993 | IE1: 3994 | IF1: 3995 | IG1: 3999 | IH1: 4011 | II1: 4012 | IJ1: 4013 | IK1: 4014 | IL1: 4021 | IM1: 4022 | IN1: 4031 | IO1: 4032 | IP1: 4101 | IQ1: 4102 | IR1: 4103 | IS1: 4210 | IT1: 4220 | IU1: 4291 | IV1: 4299 | IW1: 4311 | IX1: 4312 | IY1: 4319 | IZ1: 4391 | JA1: 4392 | JB1: 4393 | JC1: 4394 | JD1: 4395 | JE1: 4396 | JF1: 4399 | JG1: 4401 | JH1: 4402 | JI1: 4501 | JJ1: 4502 | JK1: 4503 | JL1: 4504 | JM1: 4505 | JN1: 4506 | JO1: 4610 | JP1: 4620 | JQ1: 4700 | JR1: 4801 | JS1: 4802 | JT1: 4911 | JU1: 4912 | JV1: 4920 | JW1: 5010 | JX1: 5020 | JY1: 5030 | JZ1: 5111 | KA1: 5112 | KB1: 5113 | KC1: 5121 | KD1: 5122 | KE1: 5123 | KF1: 5124 | KG1: 5131 | KH1: 5132 | KI1: 5133 | KJ1: 5190 | KK1: 5200 | KL1: 5310 | KM1: 5321 | KN1: 5322 | KO1: 5401 | KP1: 5402 | KQ1: 5500 | KR1: 5611 | KS1: 5612 | KT1: 5613 | KU1: 5620 | KV1: 5630 | KW1: 5690 | KX1: 5710 | KY1: 5720 | KZ1: 5811 | LA1: 5812 | LB1: 5813 | LC1: 5814 | LD1: 5820 | LE1: 5911 | LF1: 5912 | LG1: 5991 | LH1: 5999 | LI1: 6001 | LJ1: 6002 | LK1: 6100 | LL1: 6211 | LM1: 6212 | LN1: 6290 | LO1: 6300 | LP1: 6401 | LQ1: 6402 | LR1: 6510 | LS1: 6591 | LT1: 6599 | LU1: 6601 | LV1: 6602 | LW1: 6603 | LX1: 6700 | LY1: 6800 | LZ1: 6911 | MA1: 6912 | MB1: 6920 | MC1: 7001 | MD1: 7002 | ME1: 7003 | MF1: 7004 | MG1: 7111 | MH1: 7112 | MI1: 7120 | MJ1: 7210 | MK1: 7291 | ML1: 7292 | MM1: 7299 | MN1: 7300 | MO1: 7410 | MP1: 7420 | MQ1: 7490 | MR1: 7511 | MS1: 7512 | MT1: 7520 | MU1: 7601 | MV1: 7602 | MW1: 7603 | MX1: 7701 | MY1: 7702 | MZ1: 7703 | NA1: 7801 | NB1: 7802 | NC1: 7901 | ND1: 7902 | NE1: 7903 | NF1: 7904 | NG1: 8001 | NH1: 8002 | NI1: 8101 | NJ1: 8109 | NK1: 8211 | NL1: 8212 | NM1: 8221 | NN1: 8222 | NO1: 8223 | NP1: 8229 | NQ1: 8300 | NR1: 9590
A2: 0111 | B2: 110358 | C2: 1952 | D2: 6084 | E2: 5141 | F2: 46111 | G2: 1700 | H2: 276 | I2: 93221 | J2: 671 | K2: 0 | L2: 5617 | M2: 51 | N2: 0 | O2: 42585 | P2: 210704 | Q2: 197493 | R2: 6693 | S2: 55174 | T2: 222 | U2: 0 | V2: 421 | W2: 1757 | X2: 0 | Y2: 0 | Z2: 26574 | AA2: 0 | AB2: 0 | AC2: 0 | AD2: 0 | AE2: 0 | AF2: 0 | AG2: 0 | AH2: 0 | AI2: 0 | AJ2: 0 | AK2: 0 | AL2: 0 | AM2: 0 | AN2: 0 | AO2: 0 | AP2: 6931049 | AQ2: 0 | AR2: 0 | AS2: 0 | AT2: 0 | AU2: 34 | AV2: 0 | AW2: 0 | AX2: 0 | AY2: 0 | AZ2: 0 | BA2: 607 | BB2: 2 | BC2: 279673 | BD2: 0 | BE2: 0 | BF2: 0 | BG2: 0 | BH2: 0 | BI2: 0 | BJ2: 0 | BK2: 0 | BL2: 0 | BM2: 0 | BN2: 0 | BO2: 0 | BP2: 0 | BQ2: 0 | BR2: 0 | BS2: 0 | BT2: 0 | BU2: 0 | BV2: 0 | BW2: 0 | BX2: 0 | BY2: 0 | BZ2: 0 | CA2: 0 | CB2: 0 | CC2: 0 | CD2: 0 | CE2: 0 | CF2: 0 | CG2: 0 | CH2: 0 | CI2: 0 | CJ2: 0 | CK2: 0 | CL2: 0 | CM2: 0 | CN2: 0 | CO2: 0 | CP2: 0 | CQ2: 0 | CR2: 0 | CS2: 0 | CT2: 0 | CU2: 0 | CV2: 0 | CW2: 0 | CX2: 0 | CY2: 0 | CZ2: 0 | DA2: 0 | DB2: 0 | DC2: 0 | DD2: 0 | DE2: 0 | DF2: 0 | DG2: 0 | DH2: 0 | DI2: 0 | DJ2: 0 | DK2: 0 | DL2: 0 | DM2: 87 | DN2: 0 | DO2: 0 | DP2: 0 | DQ2: 0 | DR2: 0 | DS2: 0 | DT2: 0 | DU2: 0 | DV2: 0 | DW2: 0 | DX2: 0 | DY2: 0 | DZ2: 0 | EA2: 0 | EB2: 0 | EC2: 0 | ED2: 0 | EE2: 0 | EF2: 0 | EG2: 0 | EH2: 0 | EI2: 0 | EJ2: 0 | EK2: 0 | EL2: 0 | EM2: 0 | EN2: 0 | EO2: 0 | EP2: 0 | EQ2: 0 | ER2: 0 | ES2: 0 | ET2: 0 | EU2: 0 | EV2: 0 | EW2: 0 | EX2: 0 | EY2: 0 | EZ2: 0 | FA2: 0 | FB2: 0 | FC2: 0 | FD2: 0 | FE2: 0 | FF2: 0 | FG2: 0 | FH2: 0 | FI2: 0 | FJ2: 0 | FK2: 0 | FL2: 0 | FM2: 0 | FN2: 0 | FO2: 0 | FP2: 0 | FQ2: 0 | FR2: 0 | FS2: 0 | FT2: 0 | FU2: 0 | FV2: 0 | FW2: 0 | FX2: 0 | FY2: 0 | FZ2: 0 | GA2: 0 | GB2: 0 | GC2: 0 | GD2: 0 | GE2: 0 | GF2: 0 | GG2: 0 | GH2: 0 | GI2: 0 | GJ2: 0 | GK2: 0 | GL2: 0 | GM2: 0 | GN2: 0 | GO2: 0 | GP2: 0 | GQ2: 0 | GR2: 0 | GS2: 0 | GT2: 0 | GU2: 0 | GV2: 0 | GW2: 0 | GX2: 0 | GY2: 0 | GZ2: 0 | HA2: 0 | HB2: 0 | HC2: 0 | HD2: 0 | HE2: 0 | HF2: 0 | HG2: 0 | HH2: 0 | HI2: 0 | HJ2: 0 | HK2: 0 | HL2: 0 | HM2: 0 | HN2: 0 | HO2: 0 | HP2: 0 | HQ2: 0 | HR2: 0 | HS2: 0 | HT2: 0 | HU2: 0 | HV2: 0 | HW2: 0 | HX2: 0 | HY2: 0 | HZ2: 0 | IA2: 0 | IB2: 0 | IC2: 0 | ID2: 0 | IE2: 0 | IF2: 0 | IG2: 0 | IH2: 0 | II2: 0 | IJ2: 0 | IK2: 0 | IL2: 0 | IM2: 0 | IN2: 0 | IO2: 0 | IP2: 0 | IQ2: 0 | IR2: 0 | IS2: 0 | IT2: 0 | IU2: 0 | IV2: 0 | IW2: 0 | IX2: 0 | IY2: 0 | IZ2: 0 | JA2: 0 | JB2: 0 | JC2: 0 | JD2: 0 | JE2: 881 | JF2: 412 | JG2: 321 | JH2: 0 | JI2: 0 | JJ2: 0 | JK2: 0 | JL2: 0 | JM2: 0 | JN2: 0 | JO2: 0 | JP2: 0 | JQ2: 0 | JR2: 0 | JS2: 0 | JT2: 0 | JU2: 0 | JV2: 0 | JW2: 0 | JX2: 0 | JY2: 0 | JZ2: 0 | KA2: 0 | KB2: 0 | KC2: 0 | KD2: 0 | KE2: 0 | KF2: 0 | KG2: 0 | KH2: 0 | KI2: 0 | KJ2: 0 | KK2: 2722 | KL2: 0 | KM2: 0 | KN2: 0 | KO2: 0 | KP2: 0 | KQ2: 0 | KR2: 0 | KS2: 0 | KT2: 0 | KU2: 0 | KV2: 0 | KW2: 0 | KX2: 0 | KY2: 0 | KZ2: 0 | LA2: 0 | LB2: 0 | LC2: 0 | LD2: 0 | LE2: 0 | LF2: 0 | LG2: 0 | LH2: 0 | LI2: 0 | LJ2: 0 | LK2: 0 | LL2: 0 | LM2: 0 | LN2: 0 | LO2: 0 | LP2: 0 | LQ2: 0 | LR2: 0 | LS2: 0 | LT2: 0 | LU2: 0 | LV2: 0 | LW2: 0 | LX2: 0 | LY2: 0 | LZ2: 0 | MA2: 0 | MB2: 0 | MC2: 0 | MD2: 0 | ME2: 0 | MF2: 0 | MG2: 0 | MH2: 0 | MI2: 0 | MJ2: 0 | MK2: 0 | ML2: 0 | MM2: 0 | MN2: 0 | MO2: 0 | MP2: 0 | MQ2: 0 | MR2: 2 | MS2: 216 | MT2: 0 | MU2: 0 | MV2: 0 | MW2: 0 | MX2: 0 | MY2: 0 | MZ2: 0 | NA2: 0 | NB2: 0 | NC2: 84 | ND2: 0 | NE2: 0 | NF2: 0 | NG2: 0 | NH2: 0 | NI2: 0 | NJ2: 0 | NK2: 0 | NL2: 0 | NM2: 0 | NN2: 0 | NO2: 0 | NP2: 0 | NQ2: 2 | NR2: 8028897
A3: 0112 | B3: 0 | C3: 2931 | D3: 0 | E3: 0 | F3: 0 | G3: 0 | H3: 0 | I3: 0 | J3: 0 | K3: 0 | L3: 0 | M3: 0 | N3: 0 | O3: 159 | P3: 2473 | Q3: 423 | R3: 412 | S3: 49 | T3: 0 | U3: 0 | V3: 0 | W3: 0 | X3: 0 | Y3: 0 | Z3: 0 | AA3: 0 | AB3: 0 | AC3: 0 | AD3: 0 | AE3: 0 | AF3: 0 | AG3: 0 | AH3: 0 | AI3: 0 | AJ3: 0 | AK3: 0 | AL3: 0 | AM3: 0 | AN3: 0 | AO3: 0 | AP3: 45948 | AQ3: 1544479 | AR3: 0 | AS3: 0 | AT3: 395514 | AU3: 12025 | AV3: 50678 | AW3: 114744 | AX3: 450957 | AY3: 587 | AZ3: 7142 | BA3: 57 | BB3: 204160 | BC3: 4066151 | BD3: 14120 | BE3: 0 | BF3: 76675 | BG3: 0 | BH3: 16 | BI3: 0 | BJ3: 0 | BK3: 0 | BL3: 0 | BM3: 0 | BN3: 0 | BO3: 0 | BP3: 0 | BQ3: 0 | BR3: 0 | BS3: 0 | BT3: 0 | BU3: 0 | BV3: 0 | BW3: 0 | BX3: 0 | BY3: 0 | BZ3: 0 | CA3: 0 | CB3: 0 | CC3: 0 | CD3: 0 | CE3: 0 | CF3: 0 | CG3: 0 | CH3: 0 | CI3: 0 | CJ3: 0 | CK3: 0 | CL3: 0 | CM3: 0 | CN3: 0 | CO3: 0 | CP3: 0 | CQ3: 0 | CR3: 0 | CS3: 0 | CT3: 0 | CU3: 0 | CV3: 0 | CW3: 0 | CX3: 0 | CY3: 0 | CZ3: 0 | DA3: 0 | DB3: 0 | DC3: 0 | DD3: 0 | DE3: 0 | DF3: 0 | DG3: 0 | DH3: 0 | DI3: 0 | DJ3: 0 | DK3: 0 | DL3: 0 | DM3: 0 | DN3: 0 | DO3: 0 | DP3: 0 | DQ3: 0 | DR3: 0 | DS3: 0 | DT3: 0 | DU3: 0 | DV3: 0 | DW3: 0 | DX3: 0 | DY3: 0 | DZ3: 0 | EA3: 0 | EB3: 0 | EC3: 0 | ED3: 0 | EE3: 0 | EF3: 0 | EG3: 0 | EH3: 0 | EI3: 0 | EJ3: 0 | EK3: 0 | EL3: 0 | EM3: 0 | EN3: 0 | EO3: 0 | EP3: 0 | EQ3: 0 | ER3: 0 | ES3: 0 | ET3: 0 | EU3: 0 | EV3: 0 | EW3: 0 | EX3: 0 | EY3: 0 | EZ3: 0 | FA3: 0 | FB3: 0 | FC3: 0 | FD3: 0 | FE3: 0 | FF3: 0 | FG3: 0 | FH3: 0 | FI3: 0 | FJ3: 0 | FK3: 0 | FL3: 0 | FM3: 0 | FN3: 0 | FO3: 0 | FP3: 0 | FQ3: 0 | FR3: 0 | FS3: 0 | FT3: 0 | FU3: 0 | FV3: 0 | FW3: 0 | FX3: 0 | FY3: 0 | FZ3: 0 | GA3: 0 | GB3: 0 | GC3: 0 | GD3: 0 | GE3: 0 | GF3: 0 | GG3: 0 | GH3: 0 | GI3: 0 | GJ3: 0 | GK3: 0 | GL3: 0 | GM3: 0 | GN3: 0 | GO3: 0 | GP3: 0 | GQ3: 0 | GR3: 0 | GS3: 0 | GT3: 0 | GU3: 0 | GV3: 0 | GW3: 0 | GX3: 0 | GY3: 0 | GZ3: 0 | HA3: 0 | HB3: 0 | HC3: 0 | HD3: 0 | HE3: 0 | HF3: 0 | HG3: 0 | HH3: 0 | HI3: 0 | HJ3: 0 | HK3: 0 | HL3: 0 | HM3: 0 | HN3: 0 | HO3: 0 | HP3: 0 | HQ3: 0 | HR3: 0 | HS3: 0 | HT3: 0 | HU3: 0 | HV3: 0 | HW3: 0 | HX3: 0 | HY3: 0 | HZ3: 0 | IA3: 0 | IB3: 0 | IC3: 0 | ID3: 0 | IE3: 0 | IF3: 0 | IG3: 0 | IH3: 0 | II3: 0 | IJ3: 0 | IK3: 0 | IL3: 0 | IM3: 0 | IN3: 0 | IO3: 0 | IP3: 0 | IQ3: 0 | IR3: 0 | IS3: 0 | IT3: 0 | IU3: 0 | IV3: 0 | IW3: 0 | IX3: 0 | IY3: 0 | IZ3: 0 | JA3: 0 | JB3: 0 | JC3: 0 | JD3: 0 | JE3: 70 | JF3: 66 | JG3: 42371 | JH3: 0 | JI3: 0 | JJ3: 0 | JK3: 0 | JL3: 0 | JM3: 0 | JN3: 0 | JO3: 0 | JP3: 0 | JQ3: 0 | JR3: 0 | JS3: 0 | JT3: 0 | JU3: 0 | JV3: 0 | JW3: 0 | JX3: 0 | JY3: 0 | JZ3: 0 | KA3: 0 | KB3: 0 | KC3: 0 | KD3: 0 | KE3: 0 | KF3: 0 | KG3: 0 | KH3: 0 | KI3: 0 | KJ3: 0 | KK3: 0 | KL3: 0 | KM3: 0 | KN3: 0 | KO3: 0 | KP3: 0 | KQ3: 0 | KR3: 0 | KS3: 0 | KT3: 0 | KU3: 0 | KV3: 0 | KW3: 0 | KX3: 0 | KY3: 0 | KZ3: 49530 | LA3: 1611 | LB3: 13 | LC3: 1343 | LD3: 0 | LE3: 0 | LF3: 0 | LG3: 0 | LH3: 0 | LI3: 0 | LJ3: 0 | LK3: 0 | LL3: 0 | LM3: 0 | LN3: 0 | LO3: 0 | LP3: 0 | LQ3: 0 | LR3: 0 | LS3: 0 | LT3: 0 | LU3: 0 | LV3: 0 | LW3: 0 | LX3: 0 | LY3: 0 | LZ3: 0 | MA3: 0 | MB3: 0 | MC3: 301 | MD3: 0 | ME3: 0 | MF3: 0 | MG3: 0 | MH3: 0 | MI3: 0 | MJ3: 0 | MK3: 0 | ML3: 0 | MM3: 0 | MN3: 0 | MO3: 0 | MP3: 0 | MQ3: 0 | MR3: 438 | MS3: 70 | MT3: 0 | MU3: 312 | MV3: 0 | MW3: 0 | MX3: 0 | MY3: 0 | MZ3: 0 | NA3: 0 | NB3: 3584 | NC3: 0 | ND3: 0 | NE3: 0 | NF3: 0 | NG3: 0 | NH3: 0 | NI3: 0 | NJ3: 0 | NK3: 0 | NL3: 0 | NM3: 0 | NN3: 0 | NO3: 0 | NP3: 0 | NQ3: 28 | NR3: 7089437
A4: 0113 | B4: 0 | C4: 0 | D4: 52371 | E4: 0 | F4: 21764 | G4: 0 | H4: 0 | I4: 0 | J4: 0 | K4: 0 | L4: 0 | M4: 0 | N4: 0 | O4: 15 | P4: 3425 | Q4: 1427 | R4: 1426 | S4: 1627 | T4: 0 | U4: 0 | V4: 0 | W4: 0 | X4: 0 | Y4: 0 | Z4: 0 | AA4: 0 | AB4: 0 | AC4: 0 | AD4: 0 | AE4: 0 | AF4: 0 | AG4: 0 | AH4: 0 | AI4: 0 | AJ4: 0 | AK4: 0 | AL4: 107 | AM4: 1481 | AN4: 175 | AO4: 0 | AP4: 0 | AQ4: 2396 | AR4: 0 | AS4: 0 | AT4: 0 | AU4: 31504 | AV4: 28 | AW4: 59521 | AX4: 980537 | AY4: 140 | AZ4: 325 | BA4: 835 | BB4: 406908 | BC4: 267 | BD4: 0 | BE4: 0 | BF4: 0 | BG4: 0 | BH4: 36494 | BI4: 0 | BJ4: 0 | BK4: 0 | BL4: 0 | BM4: 0 | BN4: 0 | BO4: 0 | BP4: 0 | BQ4: 0 | BR4: 0 | BS4: 0 | BT4: 0 | BU4: 0 | BV4: 0 | BW4: 0 | BX4: 0 | BY4: 0 | BZ4: 0 | CA4: 0 | CB4: 0 | CC4: 0 | CD4: 0 | CE4: 0 | CF4: 0 | CG4: 0 | CH4: 0 | CI4: 0 | CJ4: 0 | CK4: 0 | CL4: 0 | CM4: 0 | CN4: 0 | CO4: 0 | CP4: 0 | CQ4: 0 | CR4: 0 | CS4: 0 | CT4: 0 | CU4: 0 | CV4: 0 | CW4: 0 | CX4: 0 | CY4: 0 | CZ4: 0 | DA4: 0 | DB4: 0 | DC4: 0 | DD4: 0 | DE4: 0 | DF4: 0 | DG4: 0 | DH4: 0 | DI4: 0 | DJ4: 0 | DK4: 0 | DL4: 0 | DM4: 117 | DN4: 0 | DO4: 2 | DP4: 0 | DQ4: 0 | DR4: 0 | DS4: 12 | DT4: 0 | DU4: 0 | DV4: 0 | DW4: 0 | DX4: 0 | DY4: 0 | DZ4: 0 | EA4: 0 | EB4: 0 | EC4: 0 | ED4: 0 | EE4: 0 | EF4: 0 | EG4: 0 | EH4: 0 | EI4: 0 | EJ4: 0 | EK4: 0 | EL4: 0 | EM4: 0 | EN4: 0 | EO4: 0 | EP4: 0 | EQ4: 0 | ER4: 0 | ES4: 0 | ET4: 0 | EU4: 0 | EV4: 0 | EW4: 0 | EX4: 0 | EY4: 0 | EZ4: 0 | FA4: 0 | FB4: 0 | FC4: 0 | FD4: 0 | FE4: 0 | FF4: 0 | FG4: 0 | FH4: 0 | FI4: 0 | FJ4: 0 | FK4: 0 | FL4: 0 | FM4: 0 | FN4: 0 | FO4: 0 | FP4: 0 | FQ4: 0 | FR4: 0 | FS4: 0 | FT4: 0 | FU4: 0 | FV4: 0 | FW4: 0 | FX4: 0 | FY4: 0 | FZ4: 0 | GA4: 0 | GB4: 0 | GC4: 0 | GD4: 0 | GE4: 0 | GF4: 0 | GG4: 0 | GH4: 0 | GI4: 0 | GJ4: 0 | GK4: 0 | GL4: 0 | GM4: 0 | GN4: 0 | GO4: 0 | GP4: 0 | GQ4: 0 | GR4: 0 | GS4: 0 | GT4: 0 | GU4: 0 | GV4: 0 | GW4: 0 | GX4: 0 | GY4: 0 | GZ4: 0 | HA4: 0 | HB4: 0 | HC4: 0 | HD4: 0 | HE4: 0 | HF4: 0 | HG4: 0 | HH4: 0 | HI4: 0 | HJ4: 0 | HK4: 0 | HL4: 0 | HM4: 0 | HN4: 0 | HO4: 0 | HP4: 0 | HQ4: 0 | HR4: 0 | HS4: 0 | HT4: 0 | HU4: 0 | HV4: 0 | HW4: 0 | HX4: 0 | HY4: 0 | HZ4: 0 | IA4: 0 | IB4: 0 | IC4: 0 | ID4: 0 | IE4: 0 | IF4: 0 | IG4: 0 | IH4: 0 | II4: 0 | IJ4: 0 | IK4: 0 | IL4: 0 | IM4: 0 | IN4: 0 | IO4: 0 | IP4: 0 | IQ4: 0 | IR4: 0 | IS4: 0 | IT4: 0 | IU4: 0 | IV4: 0 | IW4: 0 | IX4: 0 | IY4: 0 | IZ4: 0 | JA4: 0 | JB4: 0 | JC4: 0 | JD4: 0 | JE4: 0 | JF4: 0 | JG4: 1288 | JH4: 0 | JI4: 0 | JJ4: 0 | JK4: 0 | JL4: 0 | JM4: 0 | JN4: 0 | JO4: 0 | JP4: 0 | JQ4: 0 | JR4: 0 | JS4: 0 | JT4: 0 | JU4: 0 | JV4: 0 | JW4: 0 | JX4: 0 | JY4: 0 | JZ4: 0 | KA4: 0 | KB4: 0 | KC4: 0 | KD4: 0 | KE4: 0 | KF4: 0 | KG4: 0 | KH4: 0 | KI4: 0 | KJ4: 0 | KK4: 0 | KL4: 0 | KM4: 0 | KN4: 0 | KO4: 0 | KP4: 0 | KQ4: 0 | KR4: 0 | KS4: 0 | KT4: 0 | KU4: 0 | KV4: 0 | KW4: 0 | KX4: 0 | KY4: 0 | KZ4: 30808 | LA4: 3932 | LB4: 124 | LC4: 4245 | LD4: 0 | LE4: 0 | LF4: 0 | LG4: 0 | LH4: 0 | LI4: 0 | LJ4: 0 | LK4: 0 | LL4: 0 | LM4: 0 | LN4: 0 | LO4: 0 | LP4: 0 | LQ4: 0 | LR4: 0 | LS4: 0 | LT4: 0 | LU4: 0 | LV4: 0 | LW4: 0 | LX4: 0 | LY4: 0 | LZ4: 0 | MA4: 0 | MB4: 0 | MC4: 0 | MD4: 0 | ME4: 0 | MF4: 0 | MG4: 0 | MH4: 0 | MI4: 0 | MJ4: 0 | MK4: 0 | ML4: 0 | MM4: 0 | MN4: 0 | MO4: 0 | MP4: 0 | MQ4: 0 | MR4: 88 | MS4: 0 | MT4: 0 | MU4: 3332 | MV4: 0 | MW4: 0 | MX4: 0 | MY4: 0 | MZ4: 0 | NA4: 0 | NB4: 1697 | NC4: 0 | ND4: 0 | NE4: 0 | NF4: 0 | NG4: 0 | NH4: 0 | NI4: 0 | NJ4: 0 | NK4: 0 | NL4: 0 | NM4: 0 | NN4: 0 | NO4: 0 | NP4: 0 | NQ4: 4 | NR4: 1648422
A5: 0114 | B5: 0 | C5: 0 | D5: 0 | E5: 143928 | F5: 0 | G5: 0 | H5: 0 | I5: 0 | J5: 0 | K5: 0 | L5: 0 | M5: 0 | N5: 0 | O5: 0 | P5: 1240 | Q5: 34592 | R5: 0 | S5: 114 | T5: 0 | U5: 0 | V5: 0 | W5: 0 | X5: 0 | Y5: 0 | Z5: 0 | AA5: 0 | AB5: 0 | AC5: 0 | AD5: 0 | AE5: 0 | AF5: 0 | AG5: 0 | AH5: 0 | AI5: 0 | AJ5: 0 | AK5: 0 | AL5: 5 | AM5: 0 | AN5: 5 | AO5: 0 | AP5: 0 | AQ5: 0 | AR5: 0 | AS5: 0 | AT5: 16814 | AU5: 172257 | AV5: 25 | AW5: 1111 | AX5: 0 | AY5: 11407 | AZ5: 0 | BA5: 886 | BB5: 736 | BC5: 2547 | BD5: 5619 | BE5: 0 | BF5: 0 | BG5: 0 | BH5: 0 | BI5: 0 | BJ5: 0 | BK5: 0 | BL5: 0 | BM5: 0 | BN5: 0 | BO5: 0 | BP5: 0 | BQ5: 0 | BR5: 0 | BS5: 0 | BT5: 0 | BU5: 0 | BV5: 0 | BW5: 0 | BX5: 0 | BY5: 0 | BZ5: 0 | CA5: 0 | CB5: 0 | CC5: 0 | CD5: 0 | CE5: 0 | CF5: 0 | CG5: 0 | CH5: 0 | CI5: 0 | CJ5: 0 | CK5: 0 | CL5: 0 | CM5: 0 | CN5: 0 | CO5: 0 | CP5: 0 | CQ5: 0 | CR5: 0 | CS5: 0 | CT5: 0 | CU5: 0 | CV5: 0 | CW5: 0 | CX5: 0 | CY5: 0 | CZ5: 0 | DA5: 0 | DB5: 0 | DC5: 0 | DD5: 0 | DE5: 0 | DF5: 0 | DG5: 0 | DH5: 0 | DI5: 0 | DJ5: 0 | DK5: 0 | DL5: 0 | DM5: 0 | DN5: 0 | DO5: 0 | DP5: 0 | DQ5: 0 | DR5: 0 | DS5: 0 | DT5: 0 | DU5: 0 | DV5: 0 | DW5: 0 | DX5: 0 | DY5: 0 | DZ5: 0 | EA5: 0 | EB5: 0 | EC5: 0 | ED5: 0 | EE5: 0 | EF5: 0 | EG5: 0 | EH5: 0 | EI5: 0 | EJ5: 0 | EK5: 0 | EL5: 0 | EM5: 0 | EN5: 0 | EO5: 0 | EP5: 0 | EQ5: 0 | ER5: 0 | ES5: 0 | ET5: 0 | EU5: 0 | EV5: 0 | EW5: 0 | EX5: 0 | EY5: 0 | EZ5: 0 | FA5: 0 | FB5: 0 | FC5: 0 | FD5: 0 | FE5: 0 | FF5: 0 | FG5: 0 | FH5: 0 | FI5: 0 | FJ5: 0 | FK5: 0 | FL5: 0 | FM5: 0 | FN5: 0 | FO5: 0 | FP5: 0 | FQ5: 0 | FR5: 0 | FS5: 0 | FT5: 0 | FU5: 0 | FV5: 0 | FW5: 0 | FX5: 0 | FY5: 0 | FZ5: 0 | GA5: 0 | GB5: 0 | GC5: 0 | GD5: 0 | GE5: 0 | GF5: 0 | GG5: 0 | GH5: 0 | GI5: 0 | GJ5: 0 | GK5: 0 | GL5: 0 | GM5: 0 | GN5: 0 | GO5: 0 | GP5: 0 | GQ5: 0 | GR5: 0 | GS5: 0 | GT5: 0 | GU5: 0 | GV5: 0 | GW5: 0 | GX5: 0 | GY5: 0 | GZ5: 0 | HA5: 0 | HB5: 0 | HC5: 0 | HD5: 0 | HE5: 0 | HF5: 0 | HG5: 0 | HH5: 0 | HI5: 0 | HJ5: 0 | HK5: 0 | HL5: 0 | HM5: 0 | HN5: 0 | HO5: 0 | HP5: 0 | HQ5: 0 | HR5: 0 | HS5: 0 | HT5: 0 | HU5: 0 | HV5: 0 | HW5: 0 | HX5: 0 | HY5: 0 | HZ5: 0 | IA5: 0 | IB5: 0 | IC5: 0 | ID5: 0 | IE5: 0 | IF5: 0 | IG5: 0 | IH5: 0 | II5: 0 | IJ5: 0 | IK5: 0 | IL5: 0 | IM5: 0 | IN5: 0 | IO5: 0 | IP5: 0 | IQ5: 0 | IR5: 0 | IS5: 0 | IT5: 0 | IU5: 0 | IV5: 0 | IW5: 0 | IX5: 0 | IY5: 0 | IZ5: 0 | JA5: 0 | JB5: 0 | JC5: 0 | JD5: 0 | JE5: 0 | JF5: 0 | JG5: 547 | JH5: 0 | JI5: 0 | JJ5: 0 | JK5: 0 | JL5: 0 | JM5: 0 | JN5: 0 | JO5: 0 | JP5: 0 | JQ5: 0 | JR5: 0 | JS5: 0 | JT5: 0 | JU5: 0 | JV5: 0 | JW5: 0 | JX5: 0 | JY5: 0 | JZ5: 0 | KA5: 0 | KB5: 0 | KC5: 0 | KD5: 0 | KE5: 0 | KF5: 0 | KG5: 0 | KH5: 0 | KI5: 0 | KJ5: 0 | KK5: 0 | KL5: 0 | KM5: 0 | KN5: 0 | KO5: 0 | KP5: 0 | KQ5: 0 | KR5: 0 | KS5: 0 | KT5: 0 | KU5: 0 | KV5: 0 | KW5: 0 | KX5: 0 | KY5: 0 | KZ5: 348717 | LA5: 63812 | LB5: 485 | LC5: 58024 | LD5: 119 | LE5: 0 | LF5: 0 | LG5: 0 | LH5: 0 | LI5: 0 | LJ5: 0 | LK5: 0 | LL5: 0 | LM5: 0 | LN5: 0 | LO5: 0 | LP5: 0 | LQ5: 0 | LR5: 0 | LS5: 0 | LT5: 0 | LU5: 0 | LV5: 0 | LW5: 0 | LX5: 0 | LY5: 0 | LZ5: 0 | MA5: 0 | MB5: 0 | MC5: 0 | MD5: 0 | ME5: 0 | MF5: 0 | MG5: 0 | MH5: 0 | MI5: 0 | MJ5: 0 | MK5: 0 | ML5: 0 | MM5: 0 | MN5: 0 | MO5: 0 | MP5: 0 | MQ5: 0 | MR5: 595 | MS5: 0 | MT5: 0 | MU5: 37205 | MV5: 0 | MW5: 0 | MX5: 0 | MY5: 0 | MZ5: 0 | NA5: 0 | NB5: 16578 | NC5: 0 | ND5: 0 | NE5: 437 | NF5: 0 | NG5: 990 | NH5: 1640 | NI5: 0 | NJ5: 0 | NK5: 0 | NL5: 0 | NM5: 0 | NN5: 0 | NO5: 0 | NP5: 0 | NQ5: 71 | NR5: 920506
A6: 0121 | B6: 89 | C6: 11 | D6: 61 | E6: 19 | F6: 4568 | G6: 2 | H6: 1 | I6: 1 | J6: 3 | K6: 0 | L6: 13 | M6: 2 | N6: 0 | O6: 19 | P6: 5 | Q6: 95 | R6: 39 | S6: 17 | T6: 3 | U6: 1 | V6: 4 | W6: 3 | X6: 2 | Y6: 7 | Z6: 6 | AA6: 4 | AB6: 0 | AC6: 0 | AD6: 0 | AE6: 2 | AF6: 2 | AG6: 8 | AH6: 5 | AI6: 2 | AJ6: 5 | AK6: 1 | AL6: 226 | AM6: 213 | AN6: 172 | AO6: 272 | AP6: 41 | AQ6: 1 | AR6: 0 | AS6: 3 | AT6: 1 | AU6: 2661 | AV6: 397 | AW6: 582839 | AX6: 46 | AY6: 1189970 | AZ6: 322 | BA6: 572 | BB6: 266205 | BC6: 45 | BD6: 6 | BE6: 1 | BF6: 6 | BG6: 1 | BH6: 437 | BI6: 3 | BJ6: 29 | BK6: 12 | BL6: 4 | BM6: 38 | BN6: 3 | BO6: 2 | BP6: 2 | BQ6: 2 | BR6: 203 | BS6: 4 | BT6: 18 | BU6: 8 | BV6: 2 | BW6: 2 | BX6: 23 | BY6: 1 | BZ6: 24 | CA6: 43 | CB6: 10 | CC6: 5 | CD6: 1 | CE6: 1 | CF6: 2 | CG6: 75 | CH6: 34 | CI6: 11 | CJ6: 1 | CK6: 2 | CL6: 3 | CM6: 1 | CN6: 32 | CO6: 1 | CP6: 4 | CQ6: 16 | CR6: 2 | CS6: 1 | CT6: 1 | CU6: 1 | CV6: 2 | CW6: 5 | CX6: 7 | CY6: 19 | CZ6: 1 | DA6: 31 | DB6: 1 | DC6: 1 | DD6: 1 | DE6: 2 | DF6: 1 | DG6: 1 | DH6: 1 | DI6: 1 | DJ6: 19 | DK6: 1 | DL6: 2 | DM6: 39 | DN6: 1 | DO6: 2 | DP6: 3 | DQ6: 1 | DR6: 41 | DS6: 116 | DT6: 1 | DU6: 18 | DV6: 251 | DW6: 4 | DX6: 6 | DY6: 3 | DZ6: 10 | EA6: 1 | EB6: 187 | EC6: 3 | ED6: 32 | EE6: 23 | EF6: 52 | EG6: 1 | EH6: 9 | EI6: 281 | EJ6: 41 | EK6: 84 | EL6: 28 | EM6: 1 | EN6: 6 | EO6: 1 | EP6: 1 | EQ6: 1 | ER6: 19 | ES6: 34 | ET6: 3 | EU6: 4 | EV6: 14 | EW6: 447 | EX6: 10 | EY6: 2 | EZ6: 46 | FA6: 192 | FB6: 1 | FC6: 48 | FD6: 1 | FE6: 1 | FF6: 1 | FG6: 1 | FH6: 0 | FI6: 1 | FJ6: 1 | FK6: 1 | FL6: 1 | FM6: 1 | FN6: 3 | FO6: 2 | FP6: 1 | FQ6: 2 | FR6: 9 | FS6: 1 | FT6: 2 | FU6: 4 | FV6: 2 | FW6: 4 | FX6: 9 | FY6: 1 | FZ6: 2 | GA6: 1 | GB6: 49 | GC6: 1 | GD6: 11 | GE6: 49 | GF6: 9 | GG6: 30 | GH6: 373 | GI6: 264 | GJ6: 1 | GK6: 159 | GL6: 48 | GM6: 884 | GN6: 66 | GO6: 209 | GP6: 584 | GQ6: 10 | GR6: 64 | GS6: 222 | GT6: 25 | GU6: 2 | GV6: 1 | GW6: 1 | GX6: 106 | GY6: 10 | GZ6: 1 | HA6: 70 | HB6: 1 | HC6: 2 | HD6: 3 | HE6: 260 | HF6: 3 | HG6: 1 | HH6: 1 | HI6: 1 | HJ6: 1 | HK6: 135 | HL6: 3 | HM6: 2 | HN6: 2 | HO6: 3 | HP6: 1 | HQ6: 3 | HR6: 3 | HS6: 3 | HT6: 67 | HU6: 2 | HV6: 1 | HW6: 2 | HX6: 3 | HY6: 4 | HZ6: 8 | IA6: 2 | IB6: 34 | IC6: 67 | ID6: 1 | IE6: 20 | IF6: 1 | IG6: 9 | IH6: 2 | II6: 0 | IJ6: 34 | IK6: 2 | IL6: 14 | IM6: 11 | IN6: 118 | IO6: 3 | IP6: 280 | IQ6: 9 | IR6: 83 | IS6: 69 | IT6: 45 | IU6: 14 | IV6: 11 | IW6: 3 | IX6: 1 | IY6: 2 | IZ6: 9 | JA6: 50 | JB6: 24 | JC6: 36 | JD6: 15 | JE6: 1 | JF6: 70 | JG6: 169373 | JH6: 1 | JI6: 84 | JJ6: 2 | JK6: 2 | JL6: 45 | JM6: 0 | JN6: 157 | JO6: 1 | JP6: 13 | JQ6: 5 | JR6: 138 | JS6: 75 | JT6: 0 | JU6: 0 | JV6: 4 | JW6: 4 | JX6: 7 | JY6: 4 | JZ6: 3 | KA6: 39 | KB6: 81 | KC6: 1 | KD6: 1 | KE6: 75 | KF6: 2 | KG6: 2 | KH6: 77 | KI6: 1 | KJ6: 2 | KK6: 622 | KL6: 177 | KM6: 3 | KN6: 1 | KO6: 2 | KP6: 0 | KQ6: 1 | KR6: 4 | KS6: 4 | KT6: 2 | KU6: 16 | KV6: 2 | KW6: 12 | KX6: 9 | KY6: 3 | KZ6: 3694604 | LA6: 573867 | LB6: 442531 | LC6: 511461 | LD6: 1364 | LE6: 11 | LF6: 1 | LG6: 2 | LH6: 29 | LI6: 139 | LJ6: 1 | LK6: 7 | LL6: 27 | LM6: 91 | LN6: 18 | LO6: 2 | LP6: 19 | LQ6: 1 | LR6: 17 | LS6: 26 | LT6: 9 | LU6: 5 | LV6: 1 | LW6: 4 | LX6: 5 | LY6: 0 | LZ6: 5 | MA6: 15 | MB6: 14 | MC6: 12 | MD6: 70 | ME6: 3 | MF6: 71 | MG6: 36 | MH6: 90 | MI6: 5 | MJ6: 9 | MK6: 39 | ML6: 4 | MM6: 35 | MN6: 12 | MO6: 7 | MP6: 26 | MQ6: 104 | MR6: 84748 | MS6: 284 | MT6: 12 | MU6: 186491 | MV6: 24 | MW6: 748 | MX6: 139 | MY6: 12 | MZ6: 261 | NA6: 25 | NB6: 11954 | NC6: 8 | ND6: 5 | NE6: 32 | NF6: 6 | NG6: 58 | NH6: 215 | NI6: 68 | NJ6: 313 | NK6: 5 | NL6: 142 | NM6: 5 | NN6: 6 | NO6: 0 | NP6: 9 | NQ6: 32 | NR6: 7738542
A7: 0122 | B7: 54 | C7: 23 | D7: 14 | E7: 2 | F7: 80 | G7: 33 | H7: 9 | I7: 12 | J7: 3 | K7: 0 | L7: 2 | M7: 0 | N7: 0 | O7: 1 | P7: 65 | Q7: 63 | R7: 21 | S7: 20 | T7: 1 | U7: 5 | V7: 1 | W7: 4 | X7: 28 | Y7: 93 | Z7: 78 | AA7: 1 | AB7: 0 | AC7: 0 | AD7: 0 | AE7: 3 | AF7: 0 | AG7: 108 | AH7: 84 | AI7: 10 | AJ7: 29 | AK7: 14 | AL7: 84 | AM7: 7643 | AN7: 940 | AO7: 10 | AP7: 5 | AQ7: 18 | AR7: 0 | AS7: 39 | AT7: 12 | AU7: 13991 | AV7: 18 | AW7: 30073 | AX7: 2 | AY7: 818256 | AZ7: 47352 | BA7: 1552 | BB7: 8996 | BC7: 20 | BD7: 1 | BE7: 26 | BF7: 73 | BG7: 13712 | BH7: 125443 | BI7: 32 | BJ7: 8 | BK7: 5 | BL7: 49 | BM7: 4 | BN7: 43 | BO7: 30 | BP7: 21 | BQ7: 22 | BR7: 5 | BS7: 51 | BT7: 1 | BU7: 4 | BV7: 1 | BW7: 11 | BX7: 3 | BY7: 1 | BZ7: 2 | CA7: 5 | CB7: 3 | CC7: 65 | CD7: 12 | CE7: 9 | CF7: 29 | CG7: 7 | CH7: 5 | CI7: 6 | CJ7: 12 | CK7: 33 | CL7: 40 | CM7: 22 | CN7: 7 | CO7: 21 | CP7: 51 | CQ7: 213 | CR7: 25 | CS7: 17 | CT7: 7 | CU7: 16 | CV7: 20 | CW7: 77 | CX7: 92 | CY7: 5 | CZ7: 23 | DA7: 2 | DB7: 14 | DC7: 21 | DD7: 21 | DE7: 21 | DF7: 21 | DG7: 9 | DH7: 30 | DI7: 8 | DJ7: 251 | DK7: 13 | DL7: 36 | DM7: 13685 | DN7: 14 | DO7: 27 | DP7: 45 | DQ7: 8 | DR7: 22 | DS7: 1485 | DT7: 12 | DU7: 5 | DV7: 7 | DW7: 59 | DX7: 77 | DY7: 43 | DZ7: 136 | EA7: 8 | EB7: 6 | EC7: 38 | ED7: 7 | EE7: 1 | EF7: 2 | EG7: 12 | EH7: 2 | EI7: 13 | EJ7: 5 | EK7: 9 | EL7: 3 | EM7: 9 | EN7: 78 | EO7: 24 | EP7: 7 | EQ7: 24 | ER7: 3 | ES7: 3 | ET7: 36 | EU7: 57 | EV7: 6 | EW7: 16 | EX7: 127 | EY7: 18 | EZ7: 1 | FA7: 5 | FB7: 16 | FC7: 1 | FD7: 23 | FE7: 9 | FF7: 17 | FG7: 17 | FH7: 5 | FI7: 23 | FJ7: 5 | FK7: 11 | FL7: 16 | FM7: 16 | FN7: 56 | FO7: 29 | FP7: 24 | FQ7: 37 | FR7: 115 | FS7: 25 | FT7: 31 | FU7: 52 | FV7: 26 | FW7: 71 | FX7: 126 | FY7: 11 | FZ7: 28 | GA7: 5 | GB7: 646 | GC7: 10 | GD7: 142 | GE7: 3 | GF7: 131 | GG7: 0 | GH7: 12 | GI7: 4 | GJ7: 17 | GK7: 4 | GL7: 28 | GM7: 529 | GN7: 5 | GO7: 125 | GP7: 4 | GQ7: 6 | GR7: 6 | GS7: 4 | GT7: 15 | GU7: 15 | GV7: 13 | GW7: 12 | GX7: 3 | GY7: 1 | GZ7: 12 | HA7: 8 | HB7: 8 | HC7: 40 | HD7: 44 | HE7: 3 | HF7: 27 | HG7: 15 | HH7: 9 | HI7: 11 | HJ7: 11 | HK7: 7 | HL7: 44 | HM7: 20 | HN7: 32 | HO7: 31 | HP7: 24 | HQ7: 43 | HR7: 34 | HS7: 38 | HT7: 3 | HU7: 29 | HV7: 10 | HW7: 21 | HX7: 55 | HY7: 51 | HZ7: 113 | IA7: 32 | IB7: 3 | IC7: 6 | ID7: 11 | IE7: 1 | IF7: 12 | IG7: 136 | IH7: 26 | II7: 0 | IJ7: 2 | IK7: 15 | IL7: 2 | IM7: 6 | IN7: 4 | IO7: 53 | IP7: 2 | IQ7: 5 | IR7: 2 | IS7: 4 | IT7: 2 | IU7: 9 | IV7: 2 | IW7: 27 | IX7: 9 | IY7: 36 | IZ7: 1 | JA7: 6 | JB7: 2 | JC7: 3 | JD7: 8 | JE7: 21 | JF7: 10 | JG7: 198012 | JH7: 6 | JI7: 3 | JJ7: 23 | JK7: 22 | JL7: 7 | JM7: 0 | JN7: 14 | JO7: 22 | JP7: 169 | JQ7: 57 | JR7: 1908 | JS7: 1015 | JT7: 0 | JU7: 0 | JV7: 40 | JW7: 64 | JX7: 91 | JY7: 65 | JZ7: 52 | KA7: 3 | KB7: 1 | KC7: 13 | KD7: 22 | KE7: 4 | KF7: 29 | KG7: 30 | KH7: 2 | KI7: 10 | KJ7: 34 | KK7: 13566 | KL7: 3 | KM7: 38 | KN7: 9 | KO7: 23 | KP7: 2 | KQ7: 11 | KR7: 56 | KS7: 49 | KT7: 25 | KU7: 215 | KV7: 18 | KW7: 183 | KX7: 1 | KY7: 52 | KZ7: 1035818 | LA7: 64734 | LB7: 601451 | LC7: 46774 | LD7: 23562 | LE7: 150 | LF7: 19 | LG7: 12 | LH7: 373 | LI7: 81 | LJ7: 16 | LK7: 100 | LL7: 362 | LM7: 1219 | LN7: 259 | LO7: 30 | LP7: 82 | LQ7: 12 | LR7: 241 | LS7: 359 | LT7: 112 | LU7: 60 | LV7: 8 | LW7: 47 | LX7: 72 | LY7: 0 | LZ7: 168 | MA7: 1275 | MB7: 201 | MC7: 733 | MD7: 8 | ME7: 46 | MF7: 959 | MG7: 496 | MH7: 1212 | MI7: 74 | MJ7: 120 | MK7: 510 | ML7: 54 | MM7: 510 | MN7: 189 | MO7: 87 | MP7: 359 | MQ7: 1406 | MR7: 6331 | MS7: 4132 | MT7: 173 | MU7: 120116 | MV7: 313 | MW7: 8048 | MX7: 46 | MY7: 48 | MZ7: 3891 | NA7: 220 | NB7: 32485 | NC7: 117 | ND7: 71 | NE7: 2322 | NF7: 88 | NG7: 994 | NH7: 3803 | NI7: 929 | NJ7: 4219 | NK7: 75 | NL7: 4 | NM7: 95 | NN7: 83 | NO7: 0 | NP7: 127 | NQ7: 248 | NR7: 3279872
A8: 0191 | B8: 0 | C8: 0 | D8: 0 | E8: 0 | F8: 0 | G8: 0 | H8: 40538 | I8: 0 | J8: 0 | K8: 0 | L8: 0 | M8: 0 | N8: 0 | O8: 0 | P8: 0 | Q8: 0 | R8: 0 | S8: 0 | T8: 0 | U8: 0 | V8: 0 | W8: 0 | X8: 78 | Y8: 387 | Z8: 11 | AA8: 0 | AB8: 0 | AC8: 0 | AD8: 0 | AE8: 0 | AF8: 2 | AG8: 945 | AH8: 333 | AI8: 230 | AJ8: 0 | AK8: 0 | AL8: 0 | AM8: 0 | AN8: 0 | AO8: 0 | AP8: 3 | AQ8: 0 | AR8: 0 | AS8: 0 | AT8: 0 | AU8: 0 | AV8: 0 | AW8: 166 | AX8: 0 | AY8: 74 | AZ8: 0 | BA8: 0 | BB8: 0 | BC8: 0 | BD8: 0 | BE8: 0 | BF8: 0 | BG8: 0 | BH8: 0 | BI8: 0 | BJ8: 35 | BK8: 27 | BL8: 307 | BM8: 93 | BN8: 87 | BO8: 257 | BP8: 65 | BQ8: 16 | BR8: 9 | BS8: 969 | BT8: 21 | BU8: 19 | BV8: 11 | BW8: 14 | BX8: 7 | BY8: 0 | BZ8: 130 | CA8: 103 | CB8: 16 | CC8: 235 | CD8: 112 | CE8: 80 | CF8: 196 | CG8: 89 | CH8: 39 | CI8: 2 | CJ8: 138 | CK8: 285 | CL8: 61 | CM8: 186 | CN8: 14 | CO8: 205 | CP8: 113 | CQ8: 863 | CR8: 9 | CS8: 132 | CT8: 434 | CU8: 253 | CV8: 231 | CW8: 787 | CX8: 436 | CY8: 76 | CZ8: 91 | DA8: 12 | DB8: 665 | DC8: 44 | DD8: 638 | DE8: 127 | DF8: 147 | DG8: 88 | DH8: 484 | DI8: 68 | DJ8: 902 | DK8: 48 | DL8: 295 | DM8: 1623 | DN8: 406 | DO8: 207 | DP8: 595 | DQ8: 27 | DR8: 73 | DS8: 855 | DT8: 86 | DU8: 104 | DV8: 41 | DW8: 571 | DX8: 269 | DY8: 914 | DZ8: 762 | EA8: 370 | EB8: 27 | EC8: 48 | ED8: 47 | EE8: 4 | EF8: 3 | EG8: 70 | EH8: 25 | EI8: 58 | EJ8: 74 | EK8: 7 | EL8: 24 | EM8: 20 | EN8: 622 | EO8: 261 | EP8: 63 | EQ8: 156 | ER8: 21 | ES8: 70 | ET8: 487 | EU8: 12 | EV8: 10 | EW8: 3 | EX8: 1561 | EY8: 122 | EZ8: 6 | FA8: 13 | FB8: 0 | FC8: 29 | FD8: 294 | FE8: 36 | FF8: 90 | FG8: 119 | FH8: 71 | FI8: 50 | FJ8: 52 | FK8: 114 | FL8: 67 | FM8: 131 | FN8: 406 | FO8: 317 | FP8: 153 | FQ8: 442 | FR8: 95 | FS8: 127 | FT8: 205 | FU8: 227 | FV8: 250 | FW8: 214 | FX8: 491 | FY8: 66 | FZ8: 164 | GA8: 43 | GB8: 733 | GC8: 96 | GD8: 224 | GE8: 21 | GF8: 677 | GG8: 1 | GH8: 145 | GI8: 13 | GJ8: 134 | GK8: 15 | GL8: 104 | GM8: 4 | GN8: 60 | GO8: 152 | GP8: 14 | GQ8: 0 | GR8: 29 | GS8: 7 | GT8: 3 | GU8: 58 | GV8: 85 | GW8: 77 | GX8: 7 | GY8: 1 | GZ8: 35 | HA8: 39 | HB8: 63 | HC8: 26 | HD8: 126 | HE8: 18 | HF8: 65 | HG8: 55 | HH8: 66 | HI8: 66 | HJ8: 9 | HK8: 69 | HL8: 164 | HM8: 173 | HN8: 959 | HO8: 84 | HP8: 5 | HQ8: 276 | HR8: 243 | HS8: 175 | HT8: 7 | HU8: 173 | HV8: 75 | HW8: 87 | HX8: 213 | HY8: 344 | HZ8: 519 | IA8: 117 | IB8: 25 | IC8: 13 | ID8: 12 | IE8: 6 | IF8: 15 | IG8: 284 | IH8: 217 | II8: 0 | IJ8: 22 | IK8: 15 | IL8: 17 | IM8: 3 | IN8: 31 | IO8: 349 | IP8: 4 | IQ8: 1 | IR8: 2 | IS8: 6 | IT8: 14 | IU8: 5 | IV8: 47 | IW8: 171 | IX8: 42 | IY8: 15 | IZ8: 3 | JA8: 38 | JB8: 4 | JC8: 1 | JD8: 9 | JE8: 475 | JF8: 82 | JG8: 511 | JH8: 66 | JI8: 6 | JJ8: 522 | JK8: 86 | JL8: 139 | JM8: 0 | JN8: 287 | JO8: 72 | JP8: 831 | JQ8: 202 | JR8: 2498 | JS8: 453 | JT8: 0 | JU8: 736 | JV8: 148 | JW8: 19224 | JX8: 12553 | JY8: 14251 | JZ8: 305 | KA8: 372 | KB8: 477 | KC8: 529 | KD8: 402 | KE8: 729 | KF8: 1772 | KG8: 1237 | KH8: 1057 | KI8: 7660 | KJ8: 6623 | KK8: 41126 | KL8: 15 | KM8: 82 | KN8: 11 | KO8: 207 | KP8: 8 | KQ8: 19 | KR8: 1109 | KS8: 409 | KT8: 140 | KU8: 1691 | KV8: 1103 | KW8: 2713 | KX8: 2 | KY8: 673 | KZ8: 67075 | LA8: 16334 | LB8: 6168 | LC8: 24001 | LD8: 43457 | LE8: 234 | LF8: 65 | LG8: 71 | LH8: 539 | LI8: 1 | LJ8: 89 | LK8: 395 | LL8: 1494 | LM8: 1082 | LN8: 96 | LO8: 79 | LP8: 548 | LQ8: 547 | LR8: 2348 | LS8: 811 | LT8: 1444 | LU8: 433 | LV8: 16 | LW8: 731 | LX8: 776 | LY8: 0 | LZ8: 1097 | MA8: 162 | MB8: 1137 | MC8: 835 | MD8: 152 | ME8: 1406 | MF8: 5747 | MG8: 2808 | MH8: 6809 | MI8: 525 | MJ8: 666 | MK8: 146 | ML8: 168 | MM8: 2254 | MN8: 1402 | MO8: 737 | MP8: 2389 | MQ8: 2110 | MR8: 14470 | MS8: 60204 | MT8: 1232 | MU8: 11020 | MV8: 2064 | MW8: 7062 | MX8: 3797 | MY8: 135 | MZ8: 2999 | NA8: 7854 | NB8: 1651 | NC8: 9744 | ND8: 590 | NE8: 361 | NF8: 1084 | NG8: 885 | NH8: 1330 | NI8: 5379 | NJ8: 15886 | NK8: 319 | NL8: 75 | NM8: 1379 | NN8: 323 | NO8: 0 | NP8: 14690 | NQ8: 73 | NR8: 564393
A9: 0192 | B9: 0 | C9: 0 | D9: 0 | E9: 0 | F9: 0 | G9: 0 | H9: 0 | I9: 52978 | J9: 0 | K9: 0 | L9: 0 | M9: 0 | N9: 0 | O9: 0 | P9: 0 | Q9: 0 | R9: 0 | S9: 0 | T9: 0 | U9: 0 | V9: 0 | W9: 0 | X9: 0 | Y9: 0 | Z9: 0 | AA9: 0 | AB9: 0 | AC9: 0 | AD9: 0 | AE9: 0 | AF9: 0 | AG9: 0 | AH9: 0 | AI9: 0 | AJ9: 0 | AK9: 0 | AL9: 0 | AM9: 0 | AN9: 0 | AO9: 0 | AP9: 0 | AQ9: 0 | AR9: 0 | AS9: 0 | AT9: 0 | AU9: 78 | AV9: 0 | AW9: 2865 | AX9: 0 | AY9: 477 | AZ9: 6542 | BA9: 521275 | BB9: 18362 | BC9: 1560 | BD9: 0 | BE9: 0 | BF9: 0 | BG9: 3800 | BH9: 8553 | BI9: 34870 | BJ9: 0 | BK9: 0 | BL9: 0 | BM9: 0 | BN9: 0 | BO9: 0 | BP9: 0 | BQ9: 0 | BR9: 0 | BS9: 0 | BT9: 0 | BU9: 0 | BV9: 0 | BW9: 0 | BX9: 0 | BY9: 0 | BZ9: 0 | CA9: 0 | CB9: 0 | CC9: 0 | CD9: 0 | CE9: 0 | CF9: 0 | CG9: 0 | CH9: 0 | CI9: 0 | CJ9: 0 | CK9: 0 | CL9: 0 | CM9: 0 | CN9: 0 | CO9: 0 | CP9: 0 | CQ9: 0 | CR9: 0 | CS9: 0 | CT9: 0 | CU9: 0 | CV9: 0 | CW9: 0 | CX9: 0 | CY9: 0 | CZ9: 0 | DA9: 0 | DB9: 0 | DC9: 0 | DD9: 0 | DE9: 0 | DF9: 0 | DG9: 0 | DH9: 0 | DI9: 0 | DJ9: 0 | DK9: 0 | DL9: 0 | DM9: 568115 | DN9: 0 | DO9: 3923 | DP9: 0 | DQ9: 0 | DR9: 1124 | DS9: 9178 | DT9: 0 | DU9: 0 | DV9: 0 | DW9: 0 | DX9: 0 | DY9: 0 | DZ9: 0 | EA9: 0 | EB9: 0 | EC9: 0 | ED9: 0 | EE9: 0 | EF9: 0 | EG9: 0 | EH9: 0 | EI9: 0 | EJ9: 0 | EK9: 0 | EL9: 0 | EM9: 0 | EN9: 0 | EO9: 0 | EP9: 0 | EQ9: 0 | ER9: 0 | ES9: 0 | ET9: 0 | EU9: 0 | EV9: 0 | EW9: 0 | EX9: 0 | EY9: 0 | EZ9: 0 | FA9: 0 | FB9: 0 | FC9: 0 | FD9: 0 | FE9: 0 | FF9: 0 | FG9: 0 | FH9: 0 | FI9: 0 | FJ9: 0 | FK9: 0 | FL9: 0 | FM9: 0 | FN9: 0 | FO9: 0 | FP9: 0 | FQ9: 0 | FR9: 0 | FS9: 0 | FT9: 0 | FU9: 0 | FV9: 0 | FW9: 0 | FX9: 0 | FY9: 0 | FZ9: 0 | GA9: 0 | GB9: 0 | GC9: 0 | GD9: 0 | GE9: 0 | GF9: 0 | GG9: 0 | GH9: 0 | GI9: 0 | GJ9: 0 | GK9: 0 | GL9: 0 | GM9: 0 | GN9: 0 | GO9: 0 | GP9: 0 | GQ9: 0 | GR9: 0 | GS9: 0 | GT9: 0 | GU9: 0 | GV9: 0 | GW9: 0 | GX9: 0 | GY9: 0 | GZ9: 0 | HA9: 0 | HB9: 0 | HC9: 0 | HD9: 0 | HE9: 0 | HF9: 0 | HG9: 0 | HH9: 0 | HI9: 0 | HJ9: 0 | HK9: 0 | HL9: 0 | HM9: 0 | HN9: 0 | HO9: 0 | HP9: 0 | HQ9: 0 | HR9: 0 | HS9: 0 | HT9: 0 | HU9: 0 | HV9: 0 | HW9: 0 | HX9: 0 | HY9: 0 | HZ9: 0 | IA9: 0 | IB9: 0 | IC9: 0 | ID9: 0 | IE9: 0 | IF9: 0 | IG9: 0 | IH9: 0 | II9: 0 | IJ9: 0 | IK9: 0 | IL9: 0 | IM9: 0 | IN9: 0 | IO9: 0 | IP9: 0 | IQ9: 0 | IR9: 0 | IS9: 0 | IT9: 1 | IU9: 0 | IV9: 0 | IW9: 0 | IX9: 0 | IY9: 0 | IZ9: 0 | JA9: 0 | JB9: 0 | JC9: 0 | JD9: 0 | JE9: 0 | JF9: 0 | JG9: 454 | JH9: 0 | JI9: 0 | JJ9: 0 | JK9: 0 | JL9: 0 | JM9: 0 | JN9: 0 | JO9: 0 | JP9: 0 | JQ9: 0 | JR9: 0 | JS9: 0 | JT9: 0 | JU9: 0 | JV9: 0 | JW9: 0 | JX9: 0 | JY9: 0 | JZ9: 0 | KA9: 0 | KB9: 0 | KC9: 0 | KD9: 0 | KE9: 0 | KF9: 0 | KG9: 0 | KH9: 0 | KI9: 0 | KJ9: 0 | KK9: 0 | KL9: 0 | KM9: 0 | KN9: 0 | KO9: 0 | KP9: 0 | KQ9: 0 | KR9: 0 | KS9: 0 | KT9: 0 | KU9: 0 | KV9: 0 | KW9: 0 | KX9: 0 | KY9: 0 | KZ9: 81008 | LA9: 14439 | LB9: 52 | LC9: 9713 | LD9: 0 | LE9: 0 | LF9: 0 | LG9: 0 | LH9: 0 | LI9: 0 | LJ9: 0 | LK9: 0 | LL9: 0 | LM9: 0 | LN9: 0 | LO9: 0 | LP9: 0 | LQ9: 0 | LR9: 0 | LS9: 0 | LT9: 0 | LU9: 0 | LV9: 0 | LW9: 0 | LX9: 0 | LY9: 0 | LZ9: 0 | MA9: 0 | MB9: 0 | MC9: 0 | MD9: 0 | ME9: 0 | MF9: 0 | MG9: 0 | MH9: 0 | MI9: 0 | MJ9: 0 | MK9: 0 | ML9: 0 | MM9: 13689 | MN9: 0 | MO9: 0 | MP9: 0 | MQ9: 0 | MR9: 5 | MS9: 9 | MT9: 0 | MU9: 5984 | MV9: 0 | MW9: 0 | MX9: 0 | MY9: 141722 | MZ9: 366802 | NA9: 0 | NB9: 0 | NC9: 0 | ND9: 0 | NE9: 0 | NF9: 0 | NG9: 0 | NH9: 0 | NI9: 0 | NJ9: 0 | NK9: 0 | NL9: 0 | NM9: 0 | NN9: 0 | NO9: 0 | NP9: 0 | NQ9: 479 | NR9: 1868057
A10: 0193 | B10: 0 | C10: 0 | D10: 0 | E10: 0 | F10: 0 | G10: 0 | H10: 0 | I10: 0 | J10: 0 | K10: 0 | L10: 0 | M10: 0 | N10: 0 | O10: 0 | P10: 0 | Q10: 0 | R10: 0 | S10: 0 | T10: 0 | U10: 0 | V10: 0 | W10: 0 | X10: 0 | Y10: 0 | Z10: 0 | AA10: 0 | AB10: 0 | AC10: 0 | AD10: 0 | AE10: 0 | AF10: 0 | AG10: 0 | AH10: 0 | AI10: 0 | AJ10: 0 | AK10: 0 | AL10: 0 | AM10: 0 | AN10: 0 | AO10: 0 | AP10: 0 | AQ10: 0 | AR10: 0 | AS10: 0 | AT10: 0 | AU10: 0 | AV10: 0 | AW10: 0 | AX10: 0 | AY10: 0 | AZ10: 0 | BA10: 0 | BB10: 0 | BC10: 0 | BD10: 0 | BE10: 0 | BF10: 0 | BG10: 0 | BH10: 0 | BI10: 430023 | BJ10: 0 | BK10: 0 | BL10: 0 | BM10: 0 | BN10: 0 | BO10: 0 | BP10: 0 | BQ10: 0 | BR10: 0 | BS10: 0 | BT10: 0 | BU10: 0 | BV10: 0 | BW10: 0 | BX10: 0 | BY10: 0 | BZ10: 0 | CA10: 0 | CB10: 0 | CC10: 0 | CD10: 0 | CE10: 0 | CF10: 0 | CG10: 0 | CH10: 0 | CI10: 0 | CJ10: 0 | CK10: 0 | CL10: 0 | CM10: 0 | CN10: 0 | CO10: 0 | CP10: 0 | CQ10: 0 | CR10: 0 | CS10: 0 | CT10: 0 | CU10: 0 | CV10: 0 | CW10: 0 | CX10: 0 | CY10: 0 | CZ10: 0 | DA10: 0 | DB10: 0 | DC10: 0 | DD10: 0 | DE10: 0 | DF10: 0 | DG10: 0 | DH10: 0 | DI10: 0 | DJ10: 0 | DK10: 0 | DL10: 0 | DM10: 0 | DN10: 0 | DO10: 0 | DP10: 0 | DQ10: 0 | DR10: 0 | DS10: 0 | DT10: 0 | DU10: 0 | DV10: 0 | DW10: 0 | DX10: 0 | DY10: 0 | DZ10: 0 | EA10: 0 | EB10: 0 | EC10: 0 | ED10: 0 | EE10: 0 | EF10: 0 | EG10: 0 | EH10: 0 | EI10: 0 | EJ10: 0 | EK10: 0 | EL10: 0 | EM10: 0 | EN10: 0 | EO10: 0 | EP10: 0 | EQ10: 0 | ER10: 0 | ES10: 0 | ET10: 0 | EU10: 0 | EV10: 0 | EW10: 0 | EX10: 0 | EY10: 0 | EZ10: 0 | FA10: 0 | FB10: 0 | FC10: 0 | FD10: 0 | FE10: 0 | FF10: 0 | FG10: 0 | FH10: 0 | FI10: 0 | FJ10: 0 | FK10: 0 | FL10: 0 | FM10: 0 | FN10: 0 | FO10: 0 | FP10: 0 | FQ10: 0 | FR10: 0 | FS10: 0 | FT10: 0 | FU10: 0 | FV10: 0 | FW10: 0 | FX10: 0 | FY10: 0 | FZ10: 0 | GA10: 0 | GB10: 0 | GC10: 0 | GD10: 0 | GE10: 0 | GF10: 0 | GG10: 0 | GH10: 0 | GI10: 0 | GJ10: 0 | GK10: 0 | GL10: 0 | GM10: 0 | GN10: 0 | GO10: 0 | GP10: 0 | GQ10: 0 | GR10: 0 | GS10: 0 | GT10: 0 | GU10: 0 | GV10: 0 | GW10: 0 | GX10: 0 | GY10: 0 | GZ10: 0 | HA10: 0 | HB10: 0 | HC10: 0 | HD10: 0 | HE10: 0 | HF10: 0 | HG10: 0 | HH10: 0 | HI10: 0 | HJ10: 0 | HK10: 0 | HL10: 0 | HM10: 0 | HN10: 0 | HO10: 0 | HP10: 0 | HQ10: 0 | HR10: 0 | HS10: 0 | HT10: 0 | HU10: 0 | HV10: 0 | HW10: 0 | HX10: 0 | HY10: 0 | HZ10: 0 | IA10: 0 | IB10: 0 | IC10: 0 | ID10: 0 | IE10: 0 | IF10: 0 | IG10: 0 | IH10: 0 | II10: 0 | IJ10: 0 | IK10: 0 | IL10: 0 | IM10: 0 | IN10: 0 | IO10: 0 | IP10: 0 | IQ10: 0 | IR10: 0 | IS10: 0 | IT10: 0 | IU10: 0 | IV10: 0 | IW10: 0 | IX10: 0 | IY10: 0 | IZ10: 0 | JA10: 0 | JB10: 0 | JC10: 0 | JD10: 0 | JE10: 0 | JF10: 0 | JG10: 0 | JH10: 0 | JI10: 0 | JJ10: 0 | JK10: 0 | JL10: 0 | JM10: 0 | JN10: 0 | JO10: 0 | JP10: 0 | JQ10: 0 | JR10: 0 | JS10: 0 | JT10: 0 | JU10: 0 | JV10: 0 | JW10: 0 | JX10: 0 | JY10: 0 | JZ10: 0 | KA10: 0 | KB10: 0 | KC10: 0 | KD10: 0 | KE10: 0 | KF10: 0 | KG10: 0 | KH10: 0 | KI10: 0 | KJ10: 0 | KK10: 0 | KL10: 0 | KM10: 0 | KN10: 0 | KO10: 0 | KP10: 0 | KQ10: 0 | KR10: 0 | KS10: 0 | KT10: 0 | KU10: 0 | KV10: 0 | KW10: 0 | KX10: 0 | KY10: 0 | KZ10: 0 | LA10: 0 | LB10: 0 | LC10: 0 | LD10: 0 | LE10: 0 | LF10: 0 | LG10: 0 | LH10: 0 | LI10: 0 | LJ10: 0 | LK10: 0 | LL10: 0 | LM10: 0 | LN10: 0 | LO10: 0 | LP10: 0 | LQ10: 0 | LR10: 0 | LS10: 0 | LT10: 0 | LU10: 0 | LV10: 0 | LW10: 0 | LX10: 0 | LY10: 0 | LZ10: 0 | MA10: 0 | MB10: 0 | MC10: 0 | MD10: 0 | ME10: 0 | MF10: 0 | MG10: 0 | MH10: 0 | MI10: 0 | MJ10: 0 | MK10: 0 | ML10: 0 | MM10: 0 | MN10: 0 | MO10: 0 | MP10: 0 | MQ10: 0 | MR10: 0 | MS10: 0 | MT10: 0 | MU10: 0 | MV10: 0 | MW10: 0 | MX10: 0 | MY10: 0 | MZ10: 0 | NA10: 0 | NB10: 0 | NC10: 0 | ND10: 0 | NE10: 0 | NF10: 0 | NG10: 0 | NH10: 0 | NI10: 0 | NJ10: 0 | NK10: 0 | NL10: 0 | NM10: 0 | NN10: 0 | NO10: 0 | NP10: 0 | NQ10: 0 | NR10: 430023
A11: 0194 | B11: 0 | C11: 0 | D11: 0 | E11: 0 | F11: 0 | G11: 0 | H11: 0 | I11: 0 | J11: 0 | K11: 0 | L11: 0 | M11: 0 | N11: 0 | O11: 0 | P11: 0 | Q11: 0 | R11: 0 | S11: 0 | T11: 0 | U11: 0 | V11: 0 | W11: 0 | X11: 0 | Y11: 0 | Z11: 0 | AA11: 0 | AB11: 0 | AC11: 0 | AD11: 0 | AE11: 0 | AF11: 0 | AG11: 0 | AH11: 0 | AI11: 0 | AJ11: 0 | AK11: 0 | AL11: 0 | AM11: 0 | AN11: 0 | AO11: 0 | AP11: 0 | AQ11: 0 | AR11: 0 | AS11: 0 | AT11: 0 | AU11: 0 | AV11: 0 | AW11: 0 | AX11: 0 | AY11: 0 | AZ11: 0 | BA11: 0 | BB11: 0 | BC11: 0 | BD11: 0 | BE11: 0 | BF11: 0 | BG11: 0 | BH11: 0 | BI11: 0 | BJ11: 0 | BK11: 0 | BL11: 0 | BM11: 0 | BN11: 0 | BO11: 0 | BP11: 0 | BQ11: 3 | BR11: 15 | BS11: 0 | BT11: 0 | BU11: 0 | BV11: 0 | BW11: 196 | BX11: 0 | BY11: 0 | BZ11: 0 | CA11: 2431 | CB11: 0 | CC11: 0 | CD11: 0 | CE11: 0 | CF11: 0 | CG11: 0 | CH11: 0 | CI11: 0 | CJ11: 0 | CK11: 0 | CL11: 0 | CM11: 0 | CN11: 0 | CO11: 0 | CP11: 0 | CQ11: 0 | CR11: 0 | CS11: 0 | CT11: 0 | CU11: 0 | CV11: 0 | CW11: 0 | CX11: 0 | CY11: 0 | CZ11: 0 | DA11: 0 | DB11: 0 | DC11: 0 | DD11: 0 | DE11: 0 | DF11: 0 | DG11: 0 | DH11: 0 | DI11: 0 | DJ11: 0 | DK11: 124 | DL11: 0 | DM11: 1 | DN11: 0 | DO11: 0 | DP11: 0 | DQ11: 0 | DR11: 0 | DS11: 0 | DT11: 86 | DU11: 0 | DV11: 0 | DW11: 0 | DX11: 0 | DY11: 0 | DZ11: 0 | EA11: 0 | EB11: 530417 | EC11: 42013 | ED11: 10783 | EE11: 0 | EF11: 0 | EG11: 0 | EH11: 0 | EI11: 0 | EJ11: 0 | EK11: 0 | EL11: 0 | EM11: 0 | EN11: 0 | EO11: 0 | EP11: 0 | EQ11: 0 | ER11: 0 | ES11: 0 | ET11: 0 | EU11: 0 | EV11: 0 | EW11: 0 | EX11: 0 | EY11: 0 | EZ11: 0 | FA11: 0 | FB11: 0 | FC11: 0 | FD11: 0 | FE11: 0 | FF11: 0 | FG11: 0 | FH11: 0 | FI11: 0 | FJ11: 0 | FK11: 0 | FL11: 0 | FM11: 0 | FN11: 0 | FO11: 0 | FP11: 0 | FQ11: 0 | FR11: 0 | FS11: 0 | FT11: 0 | FU11: 0 | FV11: 0 | FW11: 0 | FX11: 0 | FY11: 0 | FZ11: 0 | GA11: 0 | GB11: 0 | GC11: 0 | GD11: 0 | GE11: 0 | GF11: 0 | GG11: 0 | GH11: 0 | GI11: 0 | GJ11: 0 | GK11: 0 | GL11: 0 | GM11: 0 | GN11: 0 | GO11: 0 | GP11: 0 | GQ11: 0 | GR11: 0 | GS11: 0 | GT11: 0 | GU11: 0 | GV11: 0 | GW11: 0 | GX11: 0 | GY11: 0 | GZ11: 0 | HA11: 0 | HB11: 0 | HC11: 0 | HD11: 0 | HE11: 0 | HF11: 0 | HG11: 0 | HH11: 0 | HI11: 0 | HJ11: 0 | HK11: 0 | HL11: 0 | HM11: 0 | HN11: 0 | HO11: 0 | HP11: 0 | HQ11: 0 | HR11: 0 | HS11: 0 | HT11: 0 | HU11: 0 | HV11: 0 | HW11: 0 | HX11: 0 | HY11: 0 | HZ11: 0 | IA11: 0 | IB11: 0 | IC11: 0 | ID11: 0 | IE11: 0 | IF11: 0 | IG11: 0 | IH11: 0 | II11: 0 | IJ11: 0 | IK11: 0 | IL11: 0 | IM11: 0 | IN11: 0 | IO11: 129 | IP11: 0 | IQ11: 0 | IR11: 0 | IS11: 0 | IT11: 0 | IU11: 0 | IV11: 0 | IW11: 0 | IX11: 0 | IY11: 0 | IZ11: 0 | JA11: 0 | JB11: 0 | JC11: 0 | JD11: 0 | JE11: 0 | JF11: 0 | JG11: 60 | JH11: 0 | JI11: 0 | JJ11: 0 | JK11: 0 | JL11: 0 | JM11: 0 | JN11: 0 | JO11: 0 | JP11: 0 | JQ11: 0 | JR11: 0 | JS11: 0 | JT11: 0 | JU11: 0 | JV11: 0 | JW11: 0 | JX11: 0 | JY11: 0 | JZ11: 0 | KA11: 0 | KB11: 0 | KC11: 0 | KD11: 0 | KE11: 0 | KF11: 0 | KG11: 0 | KH11: 0 | KI11: 0 | KJ11: 0 | KK11: 0 | KL11: 0 | KM11: 0 | KN11: 0 | KO11: 0 | KP11: 0 | KQ11: 0 | KR11: 0 | KS11: 0 | KT11: 0 | KU11: 0 | KV11: 0 | KW11: 0 | KX11: 0 | KY11: 0 | KZ11: 0 | LA11: 0 | LB11: 0 | LC11: 0 | LD11: 0 | LE11: 0 | LF11: 0 | LG11: 0 | LH11: 0 | LI11: 0 | LJ11: 0 | LK11: 0 | LL11: 0 | LM11: 0 | LN11: 0 | LO11: 0 | LP11: 0 | LQ11: 0 | LR11: 0 | LS11: 0 | LT11: 0 | LU11: 0 | LV11: 0 | LW11: 0 | LX11: 0 | LY11: 0 | LZ11: 0 | MA11: 0 | MB11: 0 | MC11: 0 | MD11: 0 | ME11: 0 | MF11: 173 | MG11: 0 | MH11: 0 | MI11: 0 | MJ11: 0 | MK11: 0 | ML11: 0 | MM11: 0 | MN11: 0 | MO11: 0 | MP11: 0 | MQ11: 30 | MR11: 0 | MS11: 0 | MT11: 0 | MU11: 0 | MV11: 0 | MW11: 0 | MX11: 0 | MY11: 0 | MZ11: 0 | NA11: 0 | NB11: 0 | NC11: 0 | ND11: 0 | NE11: 0 | NF11: 0 | NG11: 0 | NH11: 0 | NI11: 0 | NJ11: 0 | NK11: 0 | NL11: 0 | NM11: 0 | NN11: 0 | NO11: 0 | NP11: 0 | NQ11: 0 | NR11: 586461
A12: 0195 | B12: 0 | C12: 0 | D12: 0 | E12: 0 | F12: 503802 | G12: 83347 | H12: 64424 | I12: 16074 | J12: 296 | K12: 0 | L12: 89813 | M12: 884 | N12: 29 | O12: 0 | P12: 0 | Q12: 0 | R12: 0 | S12: 0 | T12: 137 | U12: 0 | V12: 0 | W12: 0 | X12: 0 | Y12: 0 | Z12: 0 | AA12: 0 | AB12: 0 | AC12: 0 | AD12: 0 | AE12: 0 | AF12: 0 | AG12: 0 | AH12: 0 | AI12: 0 | AJ12: 0 | AK12: 0 | AL12: 0 | AM12: 0 | AN12: 0 | AO12: 0 | AP12: 0 | AQ12: 0 | AR12: 0 | AS12: 0 | AT12: 0 | AU12: 0 | AV12: 0 | AW12: 0 | AX12: 0 | AY12: 0 | AZ12: 0 | BA12: 768 | BB12: 0 | BC12: 26 | BD12: 0 | BE12: 0 | BF12: 0 | BG12: 0 | BH12: 50 | BI12: 0 | BJ12: 0 | BK12: 0 | BL12: 0 | BM12: 0 | BN12: 0 | BO12: 0 | BP12: 0 | BQ12: 0 | BR12: 0 | BS12: 0 | BT12: 0 | BU12: 0 | BV12: 0 | BW12: 0 | BX12: 0 | BY12: 0 | BZ12: 0 | CA12: 0 | CB12: 0 | CC12: 0 | CD12: 0 | CE12: 0 | CF12: 0 | CG12: 0 | CH12: 0 | CI12: 0 | CJ12: 0 | CK12: 0 | CL12: 0 | CM12: 0 | CN12: 0 | CO12: 0 | CP12: 0 | CQ12: 0 | CR12: 0 | CS12: 0 | CT12: 0 | CU12: 0 | CV12: 0 | CW12: 0 | CX12: 0 | CY12: 0 | CZ12: 0 | DA12: 0 | DB12: 0 | DC12: 0 | DD12: 0 | DE12: 0 | DF12: 0 | DG12: 0 | DH12: 0 | DI12: 0 | DJ12: 0 | DK12: 0 | DL12: 0 | DM12: 0 | DN12: 0 | DO12: 0 | DP12: 0 | DQ12: 0 | DR12: 0 | DS12: 0 | DT12: 0 | DU12: 0 | DV12: 0 | DW12: 0 | DX12: 0 | DY12: 0 | DZ12: 0 | EA12: 19 | EB12: 0 | EC12: 0 | ED12: 0 | EE12: 0 | EF12: 0 | EG12: 0 | EH12: 0 | EI12: 0 | EJ12: 0 | EK12: 0 | EL12: 0 | EM12: 0 | EN12: 0 | EO12: 0 | EP12: 0 | EQ12: 0 | ER12: 0 | ES12: 0 | ET12: 0 | EU12: 0 | EV12: 0 | EW12: 0 | EX12: 0 | EY12: 0 | EZ12: 0 | FA12: 0 | FB12: 0 | FC12: 0 | FD12: 0 | FE12: 0 | FF12: 0 | FG12: 0 | FH12: 0 | FI12: 0 | FJ12: 0 | FK12: 0 | FL12: 0 | FM12: 0 | FN12: 0 | FO12: 0 | FP12: 0 | FQ12: 0 | FR12: 0 | FS12: 0 | FT12: 0 | FU12: 0 | FV12: 0 | FW12: 0 | FX12: 0 | FY12: 0 | FZ12: 0 | GA12: 0 | GB12: 0 | GC12: 0 | GD12: 0 | GE12: 0 | GF12: 0 | GG12: 0 | GH12: 0 | GI12: 0 | GJ12: 0 | GK12: 0 | GL12: 0 | GM12: 0 | GN12: 0 | GO12: 0 | GP12: 0 | GQ12: 0 | GR12: 0 | GS12: 0 | GT12: 0 | GU12: 0 | GV12: 0 | GW12: 0 | GX12: 0 | GY12: 0 | GZ12: 0 | HA12: 0 | HB12: 0 | HC12: 0 | HD12: 0 | HE12: 0 | HF12: 0 | HG12: 0 | HH12: 0 | HI12: 0 | HJ12: 0 | HK12: 0 | HL12: 0 | HM12: 0 | HN12: 0 | HO12: 0 | HP12: 0 | HQ12: 0 | HR12: 0 | HS12: 0 | HT12: 0 | HU12: 0 | HV12: 173 | HW12: 0 | HX12: 0 | HY12: 0 | HZ12: 0 | IA12: 0 | IB12: 0 | IC12: 0 | ID12: 0 | IE12: 0 | IF12: 0 | IG12: 0 | IH12: 0 | II12: 0 | IJ12: 0 | IK12: 0 | IL12: 0 | IM12: 0 | IN12: 0 | IO12: 0 | IP12: 0 | IQ12: 0 | IR12: 0 | IS12: 0 | IT12: 0 | IU12: 0 | IV12: 0 | IW12: 0 | IX12: 0 | IY12: 0 | IZ12: 0 | JA12: 0 | JB12: 0 | JC12: 0 | JD12: 0 | JE12: 0 | JF12: 0 | JG12: 0 | JH12: 0 | JI12: 0 | JJ12: 0 | JK12: 0 | JL12: 0 | JM12: 0 | JN12: 0 | JO12: 0 | JP12: 0 | JQ12: 0 | JR12: 0 | JS12: 0 | JT12: 0 | JU12: 0 | JV12: 0 | JW12: 129 | JX12: 107 | JY12: 112 | JZ12: 40 | KA12: 0 | KB12: 0 | KC12: 0 | KD12: 0 | KE12: 0 | KF12: 0 | KG12: 0 | KH12: 0 | KI12: 0 | KJ12: 0 | KK12: 0 | KL12: 0 | KM12: 0 | KN12: 0 | KO12: 0 | KP12: 0 | KQ12: 0 | KR12: 0 | KS12: 0 | KT12: 0 | KU12: 0 | KV12: 0 | KW12: 0 | KX12: 0 | KY12: 0 | KZ12: 0 | LA12: 0 | LB12: 0 | LC12: 0 | LD12: 96 | LE12: 0 | LF12: 0 | LG12: 0 | LH12: 0 | LI12: 0 | LJ12: 0 | LK12: 0 | LL12: 0 | LM12: 0 | LN12: 0 | LO12: 0 | LP12: 0 | LQ12: 0 | LR12: 0 | LS12: 0 | LT12: 0 | LU12: 0 | LV12: 0 | LW12: 0 | LX12: 0 | LY12: 0 | LZ12: 0 | MA12: 0 | MB12: 0 | MC12: 0 | MD12: 0 | ME12: 0 | MF12: 210 | MG12: 0 | MH12: 0 | MI12: 0 | MJ12: 0 | MK12: 0 | ML12: 0 | MM12: 0 | MN12: 0 | MO12: 0 | MP12: 0 | MQ12: 0 | MR12: 7104 | MS12: 87306 | MT12: 119 | MU12: 1973 | MV12: 0 | MW12: 0 | MX12: 6215 | MY12: 0 | MZ12: 229 | NA12: 10260 | NB12: 0 | NC12: 36392 | ND12: 0 | NE12: 0 | NF12: 0 | NG12: 0 | NH12: 0 | NI12: 0 | NJ12: 0 | NK12: 0 | NL12: 0 | NM12: 0 | NN12: 0 | NO12: 0 | NP12: 0 | NQ12: 43 | NR12: 910177
A13: 0196 | B13: 0 | C13: 0 | D13: 0 | E13: 0 | F13: 0 | G13: 0 | H13: 0 | I13: 0 | J13: 0 | K13: 0 | L13: 0 | M13: 4547 | N13: 0 | O13: 0 | P13: 0 | Q13: 0 | R13: 0 | S13: 0 | T13: 0 | U13: 0 | V13: 0 | W13: 0 | X13: 0 | Y13: 0 | Z13: 0 | AA13: 0 | AB13: 0 | AC13: 0 | AD13: 0 | AE13: 0 | AF13: 0 | AG13: 0 | AH13: 0 | AI13: 0 | AJ13: 0 | AK13: 0 | AL13: 0 | AM13: 1133 | AN13: 11 | AO13: 0 | AP13: 0 | AQ13: 0 | AR13: 0 | AS13: 0 | AT13: 0 | AU13: 18488 | AV13: 204 | AW13: 1794 | AX13: 513321 | AY13: 100 | AZ13: 900980 | BA13: 804 | BB13: 72932 | BC13: 3960 | BD13: 0 | BE13: 0 | BF13: 3528 | BG13: 0 | BH13: 5365 | BI13: 0 | BJ13: 0 | BK13: 0 | BL13: 0 | BM13: 0 | BN13: 0 | BO13: 0 | BP13: 0 | BQ13: 0 | BR13: 0 | BS13: 0 | BT13: 0 | BU13: 0 | BV13: 0 | BW13: 0 | BX13: 0 | BY13: 0 | BZ13: 0 | CA13: 0 | CB13: 0 | CC13: 0 | CD13: 0 | CE13: 0 | CF13: 0 | CG13: 0 | CH13: 0 | CI13: 0 | CJ13: 0 | CK13: 0 | CL13: 0 | CM13: 0 | CN13: 0 | CO13: 0 | CP13: 0 | CQ13: 0 | CR13: 0 | CS13: 0 | CT13: 0 | CU13: 0 | CV13: 0 | CW13: 0 | CX13: 0 | CY13: 0 | CZ13: 0 | DA13: 0 | DB13: 0 | DC13: 0 | DD13: 0 | DE13: 0 | DF13: 0 | DG13: 0 | DH13: 0 | DI13: 0 | DJ13: 0 | DK13: 0 | DL13: 0 | DM13: 179 | DN13: 0 | DO13: 4 | DP13: 0 | DQ13: 0 | DR13: 61 | DS13: 4698 | DT13: 0 | DU13: 0 | DV13: 0 | DW13: 0 | DX13: 0 | DY13: 0 | DZ13: 0 | EA13: 0 | EB13: 0 | EC13: 0 | ED13: 0 | EE13: 0 | EF13: 0 | EG13: 0 | EH13: 0 | EI13: 0 | EJ13: 0 | EK13: 0 | EL13: 0 | EM13: 0 | EN13: 0 | EO13: 0 | EP13: 0 | EQ13: 0 | ER13: 0 | ES13: 0 | ET13: 0 | EU13: 0 | EV13: 0 | EW13: 0 | EX13: 0 | EY13: 0 | EZ13: 0 | FA13: 0 | FB13: 0 | FC13: 0 | FD13: 0 | FE13: 0 | FF13: 0 | FG13: 0 | FH13: 0 | FI13: 0 | FJ13: 0 | FK13: 0 | FL13: 0 | FM13: 0 | FN13: 0 | FO13: 0 | FP13: 0 | FQ13: 0 | FR13: 0 | FS13: 0 | FT13: 0 | FU13: 0 | FV13: 0 | FW13: 0 | FX13: 0 | FY13: 0 | FZ13: 0 | GA13: 0 | GB13: 0 | GC13: 0 | GD13: 0 | GE13: 0 | GF13: 0 | GG13: 0 | GH13: 0 | GI13: 0 | GJ13: 0 | GK13: 0 | GL13: 0 | GM13: 0 | GN13: 0 | GO13: 0 | GP13: 0 | GQ13: 0 | GR13: 0 | GS13: 0 | GT13: 0 | GU13: 0 | GV13: 0 | GW13: 0 | GX13: 0 | GY13: 0 | GZ13: 0 | HA13: 0 | HB13: 0 | HC13: 0 | HD13: 0 | HE13: 0 | HF13: 0 | HG13: 0 | HH13: 0 | HI13: 0 | HJ13: 0 | HK13: 0 | HL13: 0 | HM13: 0 | HN13: 0 | HO13: 0 | HP13: 0 | HQ13: 0 | HR13: 0 | HS13: 0 | HT13: 0 | HU13: 0 | HV13: 0 | HW13: 0 | HX13: 0 | HY13: 0 | HZ13: 0 | IA13: 0 | IB13: 0 | IC13: 0 | ID13: 0 | IE13: 0 | IF13: 0 | IG13: 0 | IH13: 0 | II13: 0 | IJ13: 0 | IK13: 0 | IL13: 0 | IM13: 0 | IN13: 0 | IO13: 0 | IP13: 0 | IQ13: 0 | IR13: 0 | IS13: 0 | IT13: 0 | IU13: 0 | IV13: 0 | IW13: 0 | IX13: 0 | IY13: 0 | IZ13: 0 | JA13: 0 | JB13: 0 | JC13: 0 | JD13: 0 | JE13: 0 | JF13: 0 | JG13: 61016 | JH13: 0 | JI13: 0 | JJ13: 0 | JK13: 0 | JL13: 0 | JM13: 0 | JN13: 0 | JO13: 0 | JP13: 0 | JQ13: 0 | JR13: 0 | JS13: 0 | JT13: 0 | JU13: 0 | JV13: 0 | JW13: 0 | JX13: 0 | JY13: 0 | JZ13: 0 | KA13: 0 | KB13: 0 | KC13: 0 | KD13: 0 | KE13: 0 | KF13: 0 | KG13: 0 | KH13: 0 | KI13: 0 | KJ13: 0 | KK13: 0 | KL13: 0 | KM13: 0 | KN13: 0 | KO13: 0 | KP13: 0 | KQ13: 0 | KR13: 0 | KS13: 0 | KT13: 0 | KU13: 0 | KV13: 0 | KW13: 0 | KX13: 0 | KY13: 0 | KZ13: 107492 | LA13: 29723 | LB13: 286 | LC13: 269984 | LD13: 0 | LE13: 0 | LF13: 0 | LG13: 0 | LH13: 0 | LI13: 0 | LJ13: 0 | LK13: 0 | LL13: 0 | LM13: 0 | LN13: 0 | LO13: 0 | LP13: 0 | LQ13: 0 | LR13: 0 | LS13: 0 | LT13: 0 | LU13: 0 | LV13: 0 | LW13: 0 | LX13: 0 | LY13: 0 | LZ13: 0 | MA13: 0 | MB13: 0 | MC13: 0 | MD13: 0 | ME13: 0 | MF13: 0 | MG13: 0 | MH13: 0 | MI13: 0 | MJ13: 0 | MK13: 0 | ML13: 0 | MM13: 21 | MN13: 0 | MO13: 0 | MP13: 0 | MQ13: 0 | MR13: 1 | MS13: 6 | MT13: 0 | MU13: 12761 | MV13: 0 | MW13: 0 | MX13: 0 | MY13: 14 | MZ13: 795 | NA13: 0 | NB13: 0 | NC13: 0 | ND13: 0 | NE13: 0 | NF13: 0 | NG13: 0 | NH13: 0 | NI13: 0 | NJ13: 0 | NK13: 0 | NL13: 0 | NM13: 0 | NN13: 0 | NO13: 0 | NP13: 0 | NQ13: 15 | NR13: 2014223
... A382: 9590 | B382: 1903724 | C382: 127230 | D382: 316402 | E382: 536603 | F382: 5674977 | G382: 1974069 | H382: 279664 | I382: 548527 | J382: 25443 | K382: 0 | L382: 380706 | M382: 249979 | N382: 4189 | O382: 1872513 | P382: 4436720 | Q382: 6689096 | R382: 6234966 | S382: 685210 | T382: 274373 | U382: 224626 | V382: 239016 | W382: 54160 | X382: 3121725 | Y382: 2569144 | Z382: 743466 | AA382: 148879 | AB382: 0 | AC382: 0 | AD382: 0 | AE382: 54557 | AF382: 34438 | AG382: 1730497 | AH382: 955037 | AI382: 246083 | AJ382: 16134007 | AK382: 5606226 | AL382: 5300170 | AM382: 7771915 | AN382: 6009775 | AO382: 5035521 | AP382: 7988004 | AQ382: 2697512 | AR382: 0 | AS382: 1451020 | AT382: 1612703 | AU382: 9382235 | AV382: 4063553 | AW382: 8085444 | AX382: 4308964 | AY382: 5962785 | AZ382: 3190966 | BA382: 4324270 | BB382: 10073647 | BC382: 15294545 | BD382: 399174 | BE382: 1652355 | BF382: 1932055 | BG382: 851416 | BH382: 7663058 | BI382: 2665713 | BJ382: 1344686 | BK382: 888412 | BL382: 6143046 | BM382: 926621 | BN382: 2568524 | BO382: 1590821 | BP382: 5826488 | BQ382: 1645923 | BR382: 3040705 | BS382: 20859003 | BT382: 2867230 | BU382: 236170 | BV382: 143670 | BW382: 2689915 | BX382: 2103656 | BY382: 12260 | BZ382: 1745335 | CA382: 2368858 | CB382: 297590 | CC382: 2076829 | CD382: 887498 | CE382: 887434 | CF382: 1742114 | CG382: 1760772 | CH382: 892710 | CI382: 199272 | CJ382: 3808496 | CK382: 5388329 | CL382: 5959444 | CM382: 2989374 | CN382: 796805 | CO382: 2502636 | CP382: 1753010 | CQ382: 8056215 | CR382: 418405 | CS382: 14544068 | CT382: 21638477 | CU382: 17676583 | CV382: 6769552 | CW382: 48926091 | CX382: 10027699 | CY382: 3691702 | CZ382: 8515602 | DA382: 3345541 | DB382: 8019672 | DC382: 14659933 | DD382: 23056710 | DE382: 15752293 | DF382: 12210215 | DG382: 6449364 | DH382: 22963066 | DI382: 1941020 | DJ382: 37450335 | DK382: 3764617 | DL382: 3072537 | DM382: 24782957 | DN382: 3267433 | DO382: 2507229 | DP382: 5194075 | DQ382: 708042 | DR382: 4700689 | DS382: 10497361 | DT382: 2299094 | DU382: 1190906 | DV382: 16441656 | DW382: 13534064 | DX382: 5236379 | DY382: 9908116 | DZ382: 18401758 | EA382: 13100911 | EB382: 4702418 | EC382: 6944825 | ED382: 827808 | EE382: 451097 | EF382: 1490292 | EG382: 3282762 | EH382: 739438 | EI382: 630190 | EJ382: 591616 | EK382: 1074812 | EL382: 341413 | EM382: 3623419 | EN382: 11892024 | EO382: 5345913 | EP382: 1179228 | EQ382: 1169846 | ER382: 518531 | ES382: 2449079 | ET382: 2625015 | EU382: 341300 | EV382: 2286508 | EW382: 2602971 | EX382: 12278361 | EY382: 2954415 | EZ382: 2931960 | FA382: 6916376 | FB382: 13977619 | FC382: 2974927 | FD382: 12170184 | FE382: 12335442 | FF382: 15921952 | FG382: 11543346 | FH382: 8345945 | FI382: 5410255 | FJ382: 5417096 | FK382: 5562350 | FL382: 1067120 | FM382: 10135611 | FN382: 9405260 | FO382: 3805757 | FP382: 6092764 | FQ382: 13660247 | FR382: 11945135 | FS382: 3044085 | FT382: 4267783 | FU382: 3712874 | FV382: 6090449 | FW382: 8331255 | FX382: 15186148 | FY382: 1987739 | FZ382: 3451137 | GA382: 2547058 | GB382: 7355554 | GC382: 3121569 | GD382: 7310135 | GE382: 8058350 | GF382: 65527686 | GG382: 9130640 | GH382: 31862683 | GI382: 10594016 | GJ382: 5034803 | GK382: 6717020 | GL382: 1323429 | GM382: 8224292 | GN382: 2815338 | GO382: 2567344 | GP382: 25458059 | GQ382: 8509710 | GR382: 1799082 | GS382: 1813021 | GT382: 1760403 | GU382: 8375195 | GV382: 12484560 | GW382: 5557993 | GX382: 4049033 | GY382: 74557 | GZ382: 9813078 | HA382: 3864637 | HB382: 3889457 | HC382: 9400087 | HD382: 10765244 | HE382: 37036394 | HF382: 14213969 | HG382: 4673139 | HH382: 2657239 | HI382: 6528635 | HJ382: 1299510 | HK382: 7985484 | HL382: 22961822 | HM382: 6296233 | HN382: 10785390 | HO382: 5483896 | HP382: 4289757 | HQ382: 12236721 | HR382: 13789082 | HS382: 8706543 | HT382: 1418367 | HU382: 9559329 | HV382: 3708371 | HW382: 8962937 | HX382: 7454721 | HY382: 10285518 | HZ382: 16026737 | IA382: 3604539 | IB382: 1100407 | IC382: 495889 | ID382: 2240322 | IE382: 454760 | IF382: 1261654 | IG382: 10499088 | IH382: 85366398 | II382: 17158453 | IJ382: 4054572 | IK382: 7619139 | IL382: 2716550 | IM382: 421242 | IN382: 17996419 | IO382: 89216639 | IP382: 25539703 | IQ382: 3667663 | IR382: 5876908 | IS382: 2821544 | IT382: 4513925 | IU382: 156598 | IV382: 2757698 | IW382: 6836131 | IX382: 2032572 | IY382: 2723425 | IZ382: 524951 | JA382: 1346753 | JB382: 214028 | JC382: 355985 | JD382: 1433288 | JE382: 3222281 | JF382: 2416383 | JG382: 47842480 | JH382: 3281772 | JI382: 866147 | JJ382: 56369795 | JK382: 3461206 | JL382: 4238194 | JM382: 839132 | JN382: 6105048 | JO382: 41033443 | JP382: 7736288 | JQ382: 2498380 | JR382: 5580741 | JS382: 1921349 | JT382: 283 | JU382: 7088593 | JV382: 5942848 | JW382: 65145619 | JX382: 71580098 | JY382: 15055918 | JZ382: 9916845 | KA382: 3527712 | KB382: 1073973 | KC382: 1766531 | KD382: 3184926 | KE382: 970851 | KF382: 6237948 | KG382: 1457457 | KH382: 5526326 | KI382: 8154656 | KJ382: 5652656 | KK382: 184102011 | KL382: 2951746 | KM382: 8578436 | KN382: 22261242 | KO382: 1452624 | KP382: 24443203 | KQ382: 19843278 | KR382: 2247919 | KS382: 733422 | KT382: 633221 | KU382: 3230722 | KV382: 15431375 | KW382: 12826890 | KX382: 403550 | KY382: 10140615 | KZ382: 87733223 | LA382: 28782363 | LB382: 10676176 | LC382: 13905812 | LD382: 9565187 | LE382: 4306828 | LF382: 12960806 | LG382: 1871033 | LH382: 2692613 | LI382: 1581551 | LJ382: 6025671 | LK382: 13908198 | LL382: 7573947 | LM382: 16549488 | LN382: 17834039 | LO382: 6994201 | LP382: 10250690 | LQ382: 1514225 | LR382: 18767662 | LS382: 2851611 | LT382: 15050389 | LU382: 16724852 | LV382: 172538 | LW382: 19766381 | LX382: 13345114 | LY382: 37821541 | LZ382: 20316644 | MA382: 9214376 | MB382: 13703070 | MC382: 6114079 | MD382: 5748595 | ME382: 2002093 | MF382: 32858943 | MG382: 5717933 | MH382: 77498293 | MI382: 13226026 | MJ382: 6655466 | MK382: 6310976 | ML382: 5136405 | MM382: 9728832 | MN382: 22364606 | MO382: 8893151 | MP382: 6945591 | MQ382: 17888613 | MR382: 36805570 | MS382: 14006635 | MT382: 1431716 | MU382: 20105111 | MV382: 8179830 | MW382: 22731987 | MX382: 1569687 | MY382: 21772329 | MZ382: 49284413 | NA382: 4869413 | NB382: 13087669 | NC382: 3419565 | ND382: 3544292 | NE382: 1121551 | NF382: 3896860 | NG382: 9248534 | NH382: 7290246 | NI382: 3852909 | NJ382: 10214376 | NK382: 15147347 | NL382: 5055190 | NM382: 5909999 | NN382: 1285193 | NO382: 0 | NP382: 3382591 | NQ382: 5019959 | NR382: 3403421158
