Workbook

Sheet 석탄
B1: 생산 | C1: 수입 | D1: 부가가치 | E1: 고용 | F1: 취업
A2: 2026 | B2: -1621389.8 | C2: -195989.06 | D2: -440039.43 | E2: -5830.9932 | F2: -4534.425
A3: 2027 | B3: -2960320 | C3: -357835.19 | D3: -803420.33 | E3: -10646.179 | F3: -8278.9154
A4: 2028 | B4: -2960320 | C4: -357835.19 | D4: -803420.33 | E4: -10646.179 | F4: -8278.9154
A5: 2029 | B5: -3495892.1 | C5: -422573.65 | D5: -948772.7 | E5: -12572.253 | F5: -9776.7118
A6: 2030 | B6: -8035588.5 | C6: -971319.43 | D6: -2180830.2 | E6: -28898.333 | F6: -22472.556
A7: 2031 | B7: -8035588.5 | C7: -971319.43 | D7: -2180830.2 | E7: -28898.333 | F7: -22472.556
A8: 2032 | B8: -8035588.5 | C8: -971319.43 | D8: -2180830.2 | E8: -28898.333 | F8: -22472.556
A9: 2033 | B9: -10568065 | C9: -1277438.1 | D9: -2868135.2 | E9: -38005.86 | F9: -29554.952
A10: 2034 | B10: -10568065 | C10: -1277438.1 | D10: -2868135.2 | E10: -38005.86 | F10: -29554.952
A11: 2035 | B11: -13773877 | C11: -1664947.7 | D11: -3738181.4 | E11: -49534.902 | F11: -38520.419
A12: 2036 | B12: -15878110 | C12: -1919301.4 | D12: -4309262.6 | E12: -57102.339 | F12: -44405.175
A13: 2037 | B13: -17717642 | C13: -2141658.9 | D13: -4808505 | E13: -63717.836 | F13: -49549.663
... A26: 2050 | B26: -24253595 | C26: -2931706.7 | D26: -6582339.7 | E26: -87223.042 | F26: -67828.298

Sheet 재생에너지
B1: 생산 | C1: 수입 | D1: 부가가치 | E1: 고용 | F1: 취업
A2: 2026 | B2: 25050385 | C2: 2958675.2 | D2: 11860538 | E2: 38650.86 | F2: 31785.081
A3: 2027 | B3: 27338330 | C3: 3228902 | D3: 12943805 | E3: 42180.987 | F3: 34688.131
A4: 2028 | B4: 28431864 | C4: 3358058.1 | D4: 13461557 | E4: 43868.227 | F4: 36075.656
A5: 2029 | B5: 30125483 | C5: 3558089.7 | D5: 14263430 | E5: 46481.354 | F5: 38224.598
A6: 2030 | B6: 36884865 | C6: 4356433.4 | D6: 17463776 | E6: 56910.572 | F6: 46801.213
A7: 2031 | B7: 38360260 | C7: 4530690.7 | D7: 18162327 | E7: 59186.995 | F7: 48673.261
A8: 2032 | B8: 40420779 | C8: 4774056.6 | D8: 19137916 | E8: 62366.222 | F8: 51287.743
A9: 2033 | B9: 47935529 | C9: 5661615.9 | D9: 22695904 | E9: 73960.915 | F9: 60822.803
A10: 2034 | B10: 49852950 | C10: 5888080.6 | D10: 23603740 | E10: 76919.352 | F10: 63255.715
A11: 2035 | B11: 60060026 | C11: 7093627.8 | D11: 28436457 | E11: 92668.102 | F11: 76206.922
A12: 2036 | B12: 65339634 | C12: 7717196.8 | D12: 30936178 | E12: 100814.14 | F12: 82905.932
A13: 2037 | B13: 70032571 | C13: 8271474.9 | D13: 33158130 | E13: 108054.99 | F13: 88860.547
... A26: 2050 | B26: 86574216 | C26: 10225192 | D26: 40990058 | E26: 133577.5 | F26: 109849.35

Sheet 통합
B1: 생산 | C1: 수입 | D1: 부가가치 | E1: 고용 | F1: 취업
A2: 2026 | B2: =석탄!B2+재생에너지!B2 -> 23428996 | C2: =석탄!C2+재생에너지!C2 -> 2762686.2 | D2: =석탄!D2+재생에너지!D2 -> 11420498 | E2: =석탄!E2+재생에너지!E2 -> 32819.867 | F2: =석탄!F2+재생에너지!F2 -> 27250.656
A3: 2027 | B3: =석탄!B3+재생에너지!B3 -> 24378010 | C3: =석탄!C3+재생에너지!C3 -> 2871066.9 | D3: =석탄!D3+재생에너지!D3 -> 12140384 | E3: =석탄!E3+재생에너지!E3 -> 31534.809 | F3: =석탄!F3+재생에너지!F3 -> 26409.215
A4: 2028 | B4: =석탄!B4+재생에너지!B4 -> 25471544 | C4: =석탄!C4+재생에너지!C4 -> 3000222.9 | D4: =석탄!D4+재생에너지!D4 -> 12658137 | E4: =석탄!E4+재생에너지!E4 -> 33222.048 | F4: =석탄!F4+재생에너지!F4 -> 27796.74
A5: 2029 | B5: =석탄!B5+재생에너지!B5 -> 26629591 | C5: =석탄!C5+재생에너지!C5 -> 3135516.1 | D5: =석탄!D5+재생에너지!D5 -> 13314657 | E5: =석탄!E5+재생에너지!E5 -> 33909.1 | F5: =석탄!F5+재생에너지!F5 -> 28447.886
A6: 2030 | B6: =석탄!B6+재생에너지!B6 -> 28849276 | C6: =석탄!C6+재생에너지!C6 -> 3385114 | D6: =석탄!D6+재생에너지!D6 -> 15282946 | E6: =석탄!E6+재생에너지!E6 -> 28012.239 | F6: =석탄!F6+재생에너지!F6 -> 24328.656
A7: 2031 | B7: =석탄!B7+재생에너지!B7 -> 30324671 | C7: =석탄!C7+재생에너지!C7 -> 3559371.3 | D7: =석탄!D7+재생에너지!D7 -> 15981497 | E7: =석탄!E7+재생에너지!E7 -> 30288.662 | F7: =석탄!F7+재생에너지!F7 -> 26200.705
A8: 2032 | B8: =석탄!B8+재생에너지!B8 -> 32385191 | C8: =석탄!C8+재생에너지!C8 -> 3802737.2 | D8: =석탄!D8+재생에너지!D8 -> 16957086 | E8: =석탄!E8+재생에너지!E8 -> 33467.889 | F8: =석탄!F8+재생에너지!F8 -> 28815.187
A9: 2033 | B9: =석탄!B9+재생에너지!B9 -> 37367464 | C9: =석탄!C9+재생에너지!C9 -> 4384177.9 | D9: =석탄!D9+재생에너지!D9 -> 19827769 | E9: =석탄!E9+재생에너지!E9 -> 35955.055 | F9: =석탄!F9+재생에너지!F9 -> 31267.852
A10: 2034 | B10: =석탄!B10+재생에너지!B10 -> 39284885 | C10: =석탄!C10+재생에너지!C10 -> 4610642.5 | D10: =석탄!D10+재생에너지!D10 -> 20735605 | E10: =석탄!E10+재생에너지!E10 -> 38913.492 | F10: =석탄!F10+재생에너지!F10 -> 33700.764
A11: 2035 | B11: =석탄!B11+재생에너지!B11 -> 46286149 | C11: =석탄!C11+재생에너지!C11 -> 5428680.1 | D11: =석탄!D11+재생에너지!D11 -> 24698275 | E11: =석탄!E11+재생에너지!E11 -> 43133.2 | F11: =석탄!F11+재생에너지!F11 -> 37686.504
A12: 2036 | B12: =석탄!B12+재생에너지!B12 -> 49461524 | C12: =석탄!C12+재생에너지!C12 -> 5797895.4 | D12: =석탄!D12+재생에너지!D12 -> 26626915 | E12: =석탄!E12+재생에너지!E12 -> 43711.801 | F12: =석탄!F12+재생에너지!F12 -> 38500.757
A13: 2037 | B13: =석탄!B13+재생에너지!B13 -> 52314930 | C13: =석탄!C13+재생에너지!C13 -> 6129816 | D13: =석탄!D13+재생에너지!D13 -> 28349625 | E13: =석탄!E13+재생에너지!E13 -> 44337.154 | F13: =석탄!F13+재생에너지!F13 -> 39310.884
... A26: 2050 | B26: =석탄!B26+재생에너지!B26 -> 62320621 | C26: =석탄!C26+재생에너지!C26 -> 7293484.8 | D26: =석탄!D26+재생에너지!D26 -> 34407718 | E26: =석탄!E26+재생에너지!E26 -> 46354.461 | F26: =석탄!F26+재생에너지!F26 -> 42021.048
