Workbook

Sheet Scenario1
A1: input | B1: sector | C1: 2025 | D1: 2026 | E1: 2027 | F1: 2028 | G1: 2029 | H1: 2030 | I1: 2031 | J1: 2032 | K1: 2033 | L1: 2034 | M1: 2035 | N1: 2036 | O1: 2037 | P1: 2038 | Q1: 2039 | R1: 2040 | S1: 2041 | T1: 2042 | U1: 2043 | V1: 2044 | W1: 2045 | X1: 2046 | Y1: 2047 | Z1: 2048 | AA1: 2049 | AB1: 2050
A2: iotable_2020.xlsx | B2: 1610 | C2: 0 | D2: -636028.48 | E2: -1161255.5 | F2: -1161255.5 | G2: -1371346.3 | H2: -3152149.6 | I2: -3152149.6 | J2: -3152149.6 | K2: -4145573.3 | L2: -4145573.3 | M2: -5403129.1 | N2: -6228564 | O2: -6950163.9 | P2: -6950163.9 | Q2: -6950163.9 | R2: -7583661.5 | S2: -7583661.5 | T2: -8282886.3 | U2: -8282886.3 | V2: -8947849.1 | W2: -8947849.1 | X2: -9514046.3 | Y2: -9514046.3 | Z2: -9514046.3 | AA2: -9514046.3 | AB2: -9514046.3
A3: iotable_2020.xlsx | B3: 4506 | C3: 966657.04 | D3: 2264864.6 | E3: 3478269.3 | F3: 3366067 | G3: 3764692.3 | H3: 7814354.3 | I3: 7636938.7 | J3: 7667133.6 | K3: 10736411 | L3: 10535841 | M3: 13679621 | N3: 15968972 | O3: 17736177 | P3: 17286093 | Q3: 16847432 | R3: 18181956 | S3: 17720560 | T3: 19129107 | U3: 18643676 | V3: 19818090 | W3: 19315175 | X3: 20166924 | Y3: 19655157 | Z3: 19156376 | AA3: 18670253 | AB3: 18196466
A4: hydrogentable_2020.xlsx | B4: H2P | C4: 0 | D4: 0 | E4: 0 | F4: 0 | G4: 0 | H4: 0 | I4: 0 | J4: 0 | K4: 0 | L4: 0 | M4: 0 | N4: 0 | O4: 0 | P4: 0 | Q4: 0 | R4: 0 | S4: 0 | T4: 0 | U4: 0 | V4: 0 | W4: 0 | X4: 0 | Y4: 0 | Z4: 0 | AA4: 0 | AB4: 0
A5: hydrogentable_2020.xlsx | B5: H2S | C5: =h2portion!C6*h2portion!C3/1000 -> 0 | D5: =h2portion!D6*h2portion!D3/1000 -> 0 | E5: =h2portion!E6*h2portion!E3/1000 -> 0 | F5: =h2portion!F6*h2portion!F3/1000 -> 0 | G5: =h2portion!G6*h2portion!G3/1000 -> 0 | H5: =h2portion!H6*h2portion!H3/1000 -> 459882.69 | I5: =h2portion!I6*h2portion!I3/1000 -> 371653.63 | J5: =h2portion!J6*h2portion!J3/1000 -> 509262.33 | ... AB5: =h2portion!AB6*h2portion!AB3/1000 -> 1788977.1
A6: hydrogentable_2020.xlsx | B6: H2T | C6: =h2portion!C6*h2portion!C4/1000 -> 0 | D6: =h2portion!D6*h2portion!D4/1000 -> 0 | E6: =h2portion!E6*h2portion!E4/1000 -> 0 | F6: =h2portion!F6*h2portion!F4/1000 -> 0 | G6: =h2portion!G6*h2portion!G4/1000 -> 0 | H6: =h2portion!H6*h2portion!H4/1000 -> 495258.28 | I6: =h2portion!I6*h2portion!I4/1000 -> 471049.36 | J6: =h2portion!J6*h2portion!J4/1000 -> 645460.4 | ... AB6: =h2portion!AB6*h2portion!AB4/1000 -> 2035732.6
A7: hydrogentable_2020.xlsx | B7: H2U | C7: 0 | D7: 0 | E7: 0 | F7: 0 | G7: 0 | H7: 0 | I7: 0 | J7: 0 | K7: 0 | L7: 0 | M7: 0 | N7: 0 | O7: 0 | P7: 0 | Q7: 0 | R7: 0 | S7: 0 | T7: 0 | U7: 0 | V7: 0 | W7: 0 | X7: 0 | Y7: 0 | Z7: 0 | AA7: 0 | AB7: 0

Sheet h2portion
A1: input | B1: sector | C1: 2025 | D1: 2026 | E1: 2027 | F1: 2028 | G1: 2029 | H1: 2030 | I1: 2031 | J1: 2032 | K1: 2033 | L1: 2034 | M1: 2035 | N1: 2036 | O1: 2037 | P1: 2038 | Q1: 2039 | R1: 2040 | S1: 2041 | T1: 2042 | U1: 2043 | V1: 2044 | W1: 2045 | X1: 2046 | Y1: 2047 | Z1: 2048 | AA1: 2049 | AB1: 2050
A2: hydrogentable_2020.xlsx | B2: H2P | C2: 0.341 | D2: 0.341 | E2: 0.341 | F2: 0.341 | G2: 0.341 | H2: 0.341 | I2: 0.346 | J2: 0.346 | K2: 0.346 | L2: 0.346 | M2: 0.346 | N2: 0.346 | O2: 0.346 | P2: 0.346 | Q2: 0.346 | R2: 0.346 | S2: 0.379 | T2: 0.379 | U2: 0.379 | V2: 0.379 | W2: 0.379 | X2: 0.379 | Y2: 0.379 | Z2: 0.379 | AA2: 0.379 | AB2: 0.379
A3: hydrogentable_2020.xlsx | B3: H2S | C3: 0.104 | D3: 0.104 | E3: 0.104 | F3: 0.104 | G3: 0.104 | H3: 0.104 | I3: 0.086 | J3: 0.086 | K3: 0.086 | L3: 0.086 | M3: 0.086 | N3: 0.086 | O3: 0.086 | P3: 0.086 | Q3: 0.086 | R3: 0.086 | S3: 0.087 | T3: 0.087 | U3: 0.087 | V3: 0.087 | W3: 0.087 | X3: 0.087 | Y3: 0.087 | Z3: 0.087 | AA3: 0.087 | AB3: 0.087
A4: hydrogentable_2020.xlsx | B4: H2T | C4: 0.112 | D4: 0.112 | E4: 0.112 | F4: 0.112 | G4: 0.112 | H4: 0.112 | I4: 0.109 | J4: 0.109 | K4: 0.109 | L4: 0.109 | M4: 0.109 | N4: 0.109 | O4: 0.109 | P4: 0.109 | Q4: 0.109 | R4: 0.109 | S4: 0.099 | T4: 0.099 | U4: 0.099 | V4: 0.099 | W4: 0.099 | X4: 0.099 | Y4: 0.099 | Z4: 0.099 | AA4: 0.099 | AB4: 0.099
A5: hydrogentable_2020.xlsx | B5: H2U | C5: 0.444 | D5: 0.444 | E5: 0.444 | F5: 0.444 | G5: 0.444 | H5: 0.444 | I5: 0.459 | J5: 0.459 | K5: 0.459 | L5: 0.459 | M5: 0.459 | N5: 0.459 | O5: 0.459 | P5: 0.459 | Q5: 0.459 | R5: 0.459 | S5: 0.435 | T5: 0.435 | U5: 0.435 | V5: 0.435 | W5: 0.435 | X5: 0.435 | Y5: 0.435 | Z5: 0.435 | AA5: 0.435 | AB5: 0.435
A6: hydrogentable_2020.xlsx | B6: total | C6: 0 | D6: 0 | E6: 0 | F6: 0 | G6: 0 | H6: 4.4219489e+09 | I6: 4.3215538e+09 | J6: 5.921655e+09 | K6: 9.7332252e+09 | L6: 9.5513958e+09 | M6: 1.4260344e+10 | N6: 1.7093556e+10 | O6: 1.9325345e+10 | P6: 1.8834934e+10 | Q6: 1.8356968e+10 | R6: 2.0050405e+10 | S6: 1.9541595e+10 | T6: 2.1331179e+10 | U6: 2.0789867e+10 | V6: 2.2266255e+10 | W6: 2.1701213e+10 | X6: 2.2789676e+10 | Y6: 2.2211352e+10 | Z6: 2.1647704e+10 | AA6: 2.1098359e+10 | AB6: 2.0562955e+10
