Workbook

Sheet Scenario1
A1: input | B1: sector | C1: 2025 | D1: 2026 | E1: 2027 | F1: 2028 | G1: 2029 | H1: 2030 | I1: 2031 | J1: 2032 | K1: 2033 | L1: 2034 | M1: 2035 | N1: 2036 | O1: 2037 | P1: 2038 | Q1: 2039 | R1: 2040 | S1: 2041 | T1: 2042 | U1: 2043 | V1: 2044 | W1: 2045 | X1: 2046 | Y1: 2047 | Z1: 2048 | AA1: 2049 | AB1: 2050
A2: iotable_2020.xlsx | B2: 1610 | C2: 0 | D2: -636028.48 | E2: -1161255.5 | F2: -1161255.5 | G2: -1371346.3 | H2: -3152149.6 | I2: -3152149.6 | J2: -3152149.6 | K2: -4145573.3 | L2: -4145573.3 | M2: -5403129.1 | N2: -6228564 | O2: -6950163.9 | P2: -6950163.9 | Q2: -6950163.9 | R2: -7583661.5 | S2: -7583661.5 | T2: -8282886.3 | U2: -8282886.3 | V2: -8947849.1 | W2: -8947849.1 | X2: -9514046.3 | Y2: -9514046.3 | Z2: -9514046.3 | AA2: -9514046.3 | AB2: -9514046.3
A3: iotable_2020.xlsx | B3: 4506 | C3: 966657.04 | D3: 2467521.3 | E3: 4086907 | F3: 4250383.2 | G3: 5078308.5 | H3: 11234183 | I3: 11683551 | J3: 12462127 | K3: 18488001 | L3: 19227521 | M3: 26406962 | N3: 31362093 | O3: 35739728 | P3: 35739728 | Q3: 35739728 | R3: 39575034 | S3: 39575034 | T3: 43833052 | U3: 43833052 | V3: 47807398 | W3: 47807398 | X3: 51215249 | Y3: 51215249 | Z3: 51215249 | AA3: 51215249 | AB3: 51215249
A4: hydrogentable.xlsx | B4: H2P | C4: 0 | D4: 0 | E4: 0 | F4: 0 | G4: 0 | H4: 0 | I4: 0 | J4: 0 | K4: 0 | L4: 0 | M4: 0 | N4: 0 | O4: 0 | P4: 0 | Q4: 0 | R4: 0 | S4: 0 | T4: 0 | U4: 0 | V4: 0 | W4: 0 | X4: 0 | Y4: 0 | Z4: 0 | AA4: 0 | AB4: 0
A5: hydrogentable.xlsx | B5: H2S | C5: =h2portion!C6*h2portion!C3 -> 0 | D5: =h2portion!D6*h2portion!D3 -> 0 | E5: =h2portion!E6*h2portion!E3 -> 0 | F5: =h2portion!F6*h2portion!F3 -> 0 | G5: =h2portion!G6*h2portion!G3 -> 0 | H5: =h2portion!H6*h2portion!H3/h2portion!H2 -> 1517752.8 | I5: =h2portion!I6*h2portion!I3/h2portion!I2 -> 1191235.1 | J5: =h2portion!J6*h2portion!J3/h2portion!J2 -> 1618921.8 | K5: =h2portion!K6*h2portion!K3/h2portion!K2 -> 2647762.2 | L5: =h2portion!L6*h2portion!L3/h2portion!L2 -> 2631823.6 | M5: =h2portion!M6*h2portion!M3/h2portion!M2 -> 3945944.1 | N5: =h2portion!N6*h2portion!N3/h2portion!N2 -> 4746881.2 | O5: =h2portion!O6*h2portion!O3/h2portion!O2 -> 5156188.6 | ... AB5: =h2portion!AB6*h2portion!AB3/h2portion!AB2 -> 4024249.3
A6: hydrogentable.xlsx | B6: H2T | C6: =h2portion!C6*h2portion!C4 -> 0 | D6: =h2portion!D6*h2portion!D4 -> 0 | E6: =h2portion!E6*h2portion!E4 -> 0 | F6: =h2portion!F6*h2portion!F4 -> 0 | G6: =h2portion!G6*h2portion!G4 -> 0 | H6: =h2portion!H6*h2portion!H4/h2portion!H2 -> 1634503 | I6: =h2portion!I6*h2portion!I4/h2portion!I2 -> 1509821.3 | J6: =h2portion!J6*h2portion!J4/h2portion!J2 -> 2051889.2 | K6: =h2portion!K6*h2portion!K4/h2portion!K2 -> 3355884.6 | L6: =h2portion!L6*h2portion!L4/h2portion!L2 -> 3335683.4 | M6: =h2portion!M6*h2portion!M4/h2portion!M2 -> 5001254.7 | N6: =h2portion!N6*h2portion!N4/h2portion!N2 -> 6016396 | O6: =h2portion!O6*h2portion!O4/h2portion!O2 -> 6535169.3 | ... AB6: =h2portion!AB6*h2portion!AB4/h2portion!AB2 -> 4579318.1
A7: hydrogentable.xlsx | B7: H2U | C7: 0 | D7: 0 | E7: 0 | F7: 0 | G7: 0 | H7: 0 | I7: 0 | J7: 0 | K7: 0 | L7: 0 | M7: 0 | N7: 0 | O7: 0 | P7: 0 | Q7: 0 | R7: 0 | S7: 0 | T7: 0 | U7: 0 | V7: 0 | W7: 0 | X7: 0 | Y7: 0 | Z7: 0 | AA7: 0 | AB7: 0

Sheet h2portion
A1: input | B1: sector | C1: 2025 | D1: 2026 | E1: 2027 | F1: 2028 | G1: 2029 | H1: 2030 | I1: 2031 | J1: 2032 | K1: 2033 | L1: 2034 | M1: 2035 | N1: 2036 | O1: 2037 | P1: 2038 | Q1: 2039 | R1: 2040 | S1: 2041 | T1: 2042 | U1: 2043 | V1: 2044 | W1: 2045 | X1: 2046 | Y1: 2047 | Z1: 2048 | AA1: 2049 | AB1: 2050
A2: hydrogentable_2020.xlsx | B2: H2P | C2: 0.341 | D2: 0.341 | E2: 0.341 | F2: 0.341 | G2: 0.341 | H2: 0.341 | I2: 0.346 | J2: 0.346 | K2: 0.346 | L2: 0.346 | M2: 0.346 | N2: 0.346 | O2: 0.346 | P2: 0.346 | Q2: 0.346 | R2: 0.346 | S2: 0.379 | T2: 0.379 | U2: 0.379 | V2: 0.379 | W2: 0.379 | X2: 0.379 | Y2: 0.379 | Z2: 0.379 | AA2: 0.379 | AB2: 0.379
A3: hydrogentable_2020.xlsx | B3: H2S | C3: 0.104 | D3: 0.104 | E3: 0.104 | F3: 0.104 | G3: 0.104 | H3: 0.104 | I3: 0.086 | J3: 0.086 | K3: 0.086 | L3: 0.086 | M3: 0.086 | N3: 0.086 | O3: 0.086 | P3: 0.086 | Q3: 0.086 | R3: 0.086 | S3: 0.087 | T3: 0.087 | U3: 0.087 | V3: 0.087 | W3: 0.087 | X3: 0.087 | Y3: 0.087 | Z3: 0.087 | AA3: 0.087 | AB3: 0.087
A4: hydrogentable_2020.xlsx | B4: H2T | C4: 0.112 | D4: 0.112 | E4: 0.112 | F4: 0.112 | G4: 0.112 | H4: 0.112 | I4: 0.109 | J4: 0.109 | K4: 0.109 | L4: 0.109 | M4: 0.109 | N4: 0.109 | O4: 0.109 | P4: 0.109 | Q4: 0.109 | R4: 0.109 | S4: 0.099 | T4: 0.099 | U4: 0.099 | V4: 0.099 | W4: 0.099 | X4: 0.099 | Y4: 0.099 | Z4: 0.099 | AA4: 0.099 | AB4: 0.099
A5: hydrogentable_2020.xlsx | B5: H2U | C5: 0.444 | D5: 0.444 | E5: 0.444 | F5: 0.444 | G5: 0.444 | H5: 0.444 | I5: 0.459 | J5: 0.459 | K5: 0.459 | L5: 0.459 | M5: 0.459 | N5: 0.459 | O5: 0.459 | P5: 0.459 | Q5: 0.459 | R5: 0.459 | S5: 0.435 | T5: 0.435 | U5: 0.435 | V5: 0.435 | W5: 0.435 | X5: 0.435 | Y5: 0.435 | Z5: 0.435 | AA5: 0.435 | AB5: 0.435
A6: hydrogentable_2020.xlsx | B6: total | C6: 0 | D6: 0 | E6: 0 | F6: 0 | G6: 0 | H6: 4976477.8 | I6: 4792643.6 | J6: 6513336.4 | K6: 10652625 | L6: 10588500 | M6: 15875542 | N6: 19097918 | O6: 20744666 | P6: 19848084 | Q6: 18992584 | R6: 20372082 | S6: 19500000 | T6: 20908768 | U6: 20020000 | V6: 21066668 | W6: 20176668 | X6: 20824485 | Y6: 19944525 | Z6: 19104075 | AA6: 18299540 | AB6: 17530925
