Workbook

Sheet Scenario1
A1: input | B1: sector | C1: 2025 | D1: 2026 | E1: 2027 | F1: 2028 | G1: 2029 | H1: 2030 | I1: 2031 | J1: 2032 | K1: 2033 | L1: 2034 | M1: 2035 | N1: 2036 | O1: 2037 | P1: 2038 | Q1: 2039 | R1: 2040 | S1: 2041 | T1: 2042 | U1: 2043 | V1: 2044 | W1: 2045 | X1: 2046 | Y1: 2047 | Z1: 2048 | AA1: 2049 | AB1: 2050
A2: iotable_2020.xlsx | B2: 2711 | C2: 0 | D2: -6.3602848e+08 | E2: -1.1612555e+09 | F2: -1.1612555e+09 | G2: -1.3713463e+09 | H2: -3.1521496e+09 | I2: -3.1521496e+09 | J2: -3.1521496e+09 | K2: -4.1455733e+09 | L2: -4.1455733e+09 | M2: -5.4031291e+09 | N2: -6.228564e+09 | O2: -6.9501639e+09 | P2: -6.9501639e+09 | Q2: -6.9501639e+09 | R2: -7.5836615e+09 | S2: -7.5836615e+09 | T2: -8.2828863e+09 | U2: -8.2828863e+09 | V2: -8.9478491e+09 | W2: -8.9478491e+09 | X2: -9.5140463e+09 | Y2: -9.5140463e+09 | Z2: -9.5140463e+09 | AA2: -9.5140463e+09 | AB2: -9.5140463e+09
A3: iotable_2020.xlsx | B3: 4506 | C3: 1.354591e+10 | D3: 1.4819213e+10 | E3: 1.6172707e+10 | F3: 1.6819615e+10 | G3: 1.782152e+10 | H3: 2.182021e+10 | I3: 2.2693018e+10 | J3: 2.3911973e+10 | K3: 2.835752e+10 | L3: 2.9491821e+10 | M3: 3.5530084e+10 | N3: 3.8653375e+10 | O3: 4.1429605e+10 | P3: 4.1429605e+10 | Q3: 4.1429605e+10 | R3: 4.3859026e+10 | S3: 4.3859026e+10 | T3: 4.6565294e+10 | U3: 4.6565294e+10 | V3: 4.9063927e+10 | W3: 4.9063927e+10 | X3: 5.1215249e+10 | Y3: 5.1215249e+10 | Z3: 5.1215249e+10 | AA3: 5.1215249e+10 | AB3: 5.1215249e+10
A4: hydrogentable_2020.xlsx | B4: H2P | C4: 0 | D4: 0 | E4: 0 | F4: 0 | G4: 0 | H4: 0 | I4: 0 | J4: 0 | K4: 0 | L4: 0 | M4: 0 | N4: 0 | O4: 0 | P4: 0 | Q4: 0 | R4: 0 | S4: 0 | T4: 0 | U4: 0 | V4: 0 | W4: 0 | X4: 0 | Y4: 0 | Z4: 0 | AA4: 0 | AB4: 0
A5: hydrogentable_2020.xlsx | B5: H2S | C5: =h2portion!C6*h2portion!C3 -> 0 | D5: =h2portion!D6*h2portion!D3 -> 0 | E5: =h2portion!E6*h2portion!E3 -> 0 | F5: =h2portion!F6*h2portion!F3 -> 0 | G5: =h2portion!G6*h2portion!G3 -> 0 | H5: =h2portion!H6*h2portion!H3 -> 5.1755369e+08 | I5: =h2portion!I6*h2portion!I3 -> 4.1216735e+08 | J5: =h2portion!J6*h2portion!J3 -> 5.6014693e+08 | ... AB5: =h2portion!AB6*h2portion!AB3 -> 1525190475
A6: hydrogentable_2020.xlsx | B6: H2T | C6: =h2portion!C6*h2portion!C4 -> 0 | D6: =h2portion!D6*h2portion!D4 -> 0 | E6: =h2portion!E6*h2portion!E4 -> 0 | F6: =h2portion!F6*h2portion!F4 -> 0 | G6: =h2portion!G6*h2portion!G4 -> 0 | H6: =h2portion!H6*h2portion!H4 -> 5.5736552e+08 | I6: =h2portion!I6*h2portion!I4 -> 5.2239816e+08 | J6: =h2portion!J6*h2portion!J4 -> 7.0995366e+08 | ... AB6: =h2portion!AB6*h2portion!AB4 -> 1735561575
A7: hydrogentable_2020.xlsx | B7: H2U | C7: =h2portion!C6*h2portion!C5 -> 0 | D7: =h2portion!D6*h2portion!D5 -> 0 | E7: =h2portion!E6*h2portion!E5 -> 0 | F7: =h2portion!F6*h2portion!F5 -> 0 | G7: =h2portion!G6*h2portion!G5 -> 0 | H7: =h2portion!H6*h2portion!H5 -> 2.2095562e+09 | I7: =h2portion!I6*h2portion!I5 -> 2.1998234e+09 | J7: =h2portion!J6*h2portion!J5 -> 2.9896214e+09 | ... AB7: =h2portion!AB6*h2portion!AB5 -> 7625952375

Sheet h2portion
A1: input | B1: sector | C1: 2025 | D1: 2026 | E1: 2027 | F1: 2028 | G1: 2029 | H1: 2030 | I1: 2031 | J1: 2032 | K1: 2033 | L1: 2034 | M1: 2035 | N1: 2036 | O1: 2037 | P1: 2038 | Q1: 2039 | R1: 2040 | S1: 2041 | T1: 2042 | U1: 2043 | V1: 2044 | W1: 2045 | X1: 2046 | Y1: 2047 | Z1: 2048 | AA1: 2049 | AB1: 2050
A2: hydrogentable_2020.xlsx | B2: H2P | C2: 0.341 | D2: 0.341 | E2: 0.341 | F2: 0.341 | G2: 0.341 | H2: 0.341 | I2: 0.346 | J2: 0.346 | K2: 0.346 | L2: 0.346 | M2: 0.346 | N2: 0.346 | O2: 0.346 | P2: 0.346 | Q2: 0.346 | R2: 0.346 | S2: 0.379 | T2: 0.379 | U2: 0.379 | V2: 0.379 | W2: 0.379 | X2: 0.379 | Y2: 0.379 | Z2: 0.379 | AA2: 0.379 | AB2: 0.379
A3: hydrogentable_2020.xlsx | B3: H2S | C3: 0.104 | D3: 0.104 | E3: 0.104 | F3: 0.104 | G3: 0.104 | H3: 0.104 | I3: 0.086 | J3: 0.086 | K3: 0.086 | L3: 0.086 | M3: 0.086 | N3: 0.086 | O3: 0.086 | P3: 0.086 | Q3: 0.086 | R3: 0.086 | S3: 0.087 | T3: 0.087 | U3: 0.087 | V3: 0.087 | W3: 0.087 | X3: 0.087 | Y3: 0.087 | Z3: 0.087 | AA3: 0.087 | AB3: 0.087
A4: hydrogentable_2020.xlsx | B4: H2T | C4: 0.112 | D4: 0.112 | E4: 0.112 | F4: 0.112 | G4: 0.112 | H4: 0.112 | I4: 0.109 | J4: 0.109 | K4: 0.109 | L4: 0.109 | M4: 0.109 | N4: 0.109 | O4: 0.109 | P4: 0.109 | Q4: 0.109 | R4: 0.109 | S4: 0.099 | T4: 0.099 | U4: 0.099 | V4: 0.099 | W4: 0.099 | X4: 0.099 | Y4: 0.099 | Z4: 0.099 | AA4: 0.099 | AB4: 0.099
A5: hydrogentable_2020.xlsx | B5: H2U | C5: 0.444 | D5: 0.444 | E5: 0.444 | F5: 0.444 | G5: 0.444 | H5: 0.444 | I5: 0.459 | J5: 0.459 | K5: 0.459 | L5: 0.459 | M5: 0.459 | N5: 0.459 | O5: 0.459 | P5: 0.459 | Q5: 0.459 | R5: 0.459 | S5: 0.435 | T5: 0.435 | U5: 0.435 | V5: 0.435 | W5: 0.435 | X5: 0.435 | Y5: 0.435 | Z5: 0.435 | AA5: 0.435 | AB5: 0.435
A6: hydrogentable_2020.xlsx | B6: total | C6: 0 | D6: 0 | E6: 0 | F6: 0 | G6: 0 | H6: 4.9764778e+09 | I6: 4.7926436e+09 | J6: 6.5133364e+09 | K6: 10652624550 | L6: 10588499550 | M6: 15875542350 | N6: 19097917500 | O6: 20744665700 | P6: 19848084300 | Q6: 18992584300 | R6: 20372082250 | S6: 19500000000 | T6: 20908767880 | U6: 20020000000 | V6: 21066668000 | W6: 2.0176668e+10 | X6: 2.0824485e+10 | Y6: 19944525000 | Z6: 19104075000 | AA6: 18299540230 | AB6: 17530925000
